Name,KADAA_ID,KADAA_AR,KADAA_EN,MOHAFAZA_ID,MOHAFAZA_AR,MOHAFAZA_EN
أبلح,41000,زحلة,Zahle,4,البقاع,Bekaa
أدما والدفنه,55000,كسروان,Kesserouane,5,جبل لبنان,Mount Lebanon
أرده,73000,زغرتا,Zgharta,7,الشمال,North
أرزي,81000,صيدا,Saida,8,الجنوب,South
أصنون,73000,زغرتا,Zgharta,7,الشمال,North
أصيا,74000,البترون,El Batroun,7,الشمال,North
أفقا (المنيه-الضنيّه),77000,المنية-الضنّية,El Minieh-Dennieh,7,الشمال,North
أكروم,11000,عكّار,Akkar,1,عكار,Akkar
أنان,82000,جزّين,Jezzine,8,الجنوب,South
أنفه,72000,الكورة,El Koura,7,الشمال,North
إده,56000,جبيل,Jbeil,5,جبل لبنان,Mount Lebanon
إده (البترون),74000,البترون,El Batroun,7,الشمال,North
إغبة,55000,كسروان,Kesserouane,5,جبل لبنان,Mount Lebanon
إغميد,54000,عاليه,Aley,5,جبل لبنان,Mount Lebanon
إيلات,11000,عكّار,Akkar,1,عكار,Akkar
اجبع,73000,زغرتا,Zgharta,7,الشمال,North
اجدعبرين,72000,الكورة,El Koura,7,الشمال,North
ارصون,51000,بعبدا,Baabda,5,جبل لبنان,Mount Lebanon
الانصار (بعلبك),22000,بعلبك,Baalbek,2,بعلبك - هرمل,Baalbak - Hermel
البرباره,56000,جبيل,Jbeil,5,جبل لبنان,Mount Lebanon
الخاربه,56000,جبيل,Jbeil,5,جبل لبنان,Mount Lebanon
الخياره,42000,البقاع الغربي,West Bekaa,4,البقاع,Bekaa
الخياره العتيقة,42000,البقاع الغربي,West Bekaa,4,البقاع,Bekaa
الخيام (مرجعيون),63000,مرجعيون,Marjaayoun,6,نبطية,Nabatiyeh
الدكوه,42000,البقاع الغربي,West Bekaa,4,البقاع,Bekaa
الروضه,42000,البقاع الغربي,West Bekaa,4,البقاع,Bekaa
الريحان (جزين),82000,جزّين,Jezzine,8,الجنوب,South
السلطان يعقوب,42000,البقاع الغربي,West Bekaa,4,البقاع,Bekaa
الصوانه (مرجعيون),63000,مرجعيون,Marjaayoun,6,نبطية,Nabatiyeh
الصويري,42000,البقاع الغربي,West Bekaa,4,البقاع,Bekaa
الطيبة (مرجعيون),63000,مرجعيون,Marjaayoun,6,نبطية,Nabatiyeh
العقيبه,55000,كسروان,Kesserouane,5,جبل لبنان,Mount Lebanon
الفرض,11000,عكّار,Akkar,1,عكار,Akkar
القليعه (مرجعيون),63000,مرجعيون,Marjaayoun,6,نبطية,Nabatiyeh
المرج (البقاع الغربي),42000,البقاع الغربي,West Bekaa,4,البقاع,Bekaa
المناره-حمارّة,42000,البقاع الغربي,West Bekaa,4,البقاع,Bekaa
المنصوره (البقاع الغربي),42000,البقاع الغربي,West Bekaa,4,البقاع,Bekaa
انصار,61000,النبطيّة,El Nabatieh,6,نبطية,Nabatiyeh
باب مارع,42000,البقاع الغربي,West Bekaa,4,البقاع,Bekaa
بابلية,81000,صيدا,Saida,8,الجنوب,South
باتر,53000,الشّوف,Ech Chouf,5,جبل لبنان,Mount Lebanon
باتوليه,83000,صور,Sour,8,الجنوب,South
باروك,53000,الشّوف,Ech Chouf,5,جبل لبنان,Mount Lebanon
بازورية,83000,صور,Sour,8,الجنوب,South
بافليه,83000,صور,Sour,8,الجنوب,South
بتخنيه,51000,بعبدا,Baabda,5,جبل لبنان,Mount Lebanon
بتوراتج,72000,الكورة,El Koura,7,الشمال,North
بثتيات,83000,صور,Sour,8,الجنوب,South
بجه,56000,جبيل,Jbeil,5,جبل لبنان,Mount Lebanon
بحصاص,72000,الكورة,El Koura,7,الشمال,North
بحمدون الضيعة,54000,عاليه,Aley,5,جبل لبنان,Mount Lebanon
بحنين (المنيه-الضنيّه),77000,المنية-الضنّية,El Minieh-Dennieh,7,الشمال,North
بحوارة,54000,عاليه,Aley,5,جبل لبنان,Mount Lebanon
بحيري (تولا),73000,زغرتا,Zgharta,7,الشمال,North
بخشتيه,54000,عاليه,Aley,5,جبل لبنان,Mount Lebanon
بدادون,54000,عاليه,Aley,5,جبل لبنان,Mount Lebanon
بداوي,77000,المنية-الضنّية,El Minieh-Dennieh,7,الشمال,North
بدنايل (الكوره),72000,الكورة,El Koura,7,الشمال,North
بدنايل (بعلبك),22000,بعلبك,Baalbek,2,بعلبك - هرمل,Baalbak - Hermel
بر الياس,41000,زحلة,Zahle,4,البقاع,Bekaa
برامية,81000,صيدا,Saida,8,الجنوب,South
بربارة (عكار),11000,عكّار,Akkar,1,عكار,Akkar
برج (عكار),11000,عكّار,Akkar,1,عكار,Akkar
برج الشماليي,83000,صور,Sour,8,الجنوب,South
برج العرب,11000,عكّار,Akkar,1,عكار,Akkar
برج حمّود,52000,المتن,El Meten,5,جبل لبنان,Mount Lebanon
برج رحَال,83000,صور,Sour,8,الجنوب,South
برج قلويه,62000,بنت جبيل,Bent Jbeil,6,نبطية,Nabatiyeh
برجا,53000,الشّوف,Ech Chouf,5,جبل لبنان,Mount Lebanon
برجين,53000,الشّوف,Ech Chouf,5,جبل لبنان,Mount Lebanon
برغز,64000,حاصبيّا,Hasbaya,6,نبطية,Nabatiyeh
برغلية,83000,صور,Sour,8,الجنوب,South
برقا,22000,بعلبك,Baalbek,2,بعلبك - هرمل,Baalbak - Hermel
بريصا,21000,الهرمل,El Hermel,2,بعلبك - هرمل,Baalbak - Hermel
بزبينا (عكار),11000,عكّار,Akkar,1,عكار,Akkar
بسابا (الشوف),53000,الشّوف,Ech Chouf,5,جبل لبنان,Mount Lebanon
بسابا (بعبدا),51000,بعبدا,Baabda,5,جبل لبنان,Mount Lebanon
بساتين (عاليه),54000,عاليه,Aley,5,جبل لبنان,Mount Lebanon
بساتين (فسقين),11000,عكّار,Akkar,1,عكار,Akkar
بستان,83000,صور,Sour,8,الجنوب,South
بستان (الهرمل),21000,الهرمل,El Hermel,2,بعلبك - هرمل,Baalbak - Hermel
بستان الحرش,11000,عكّار,Akkar,1,عكار,Akkar
بستان الحرش,11000,عكّار,Akkar,1,عكار,Akkar
بسلوقيط,73000,زغرتا,Zgharta,7,الشمال,North
بشلّلي,56000,جبيل,Jbeil,5,جبل لبنان,Mount Lebanon
بصليا,82000,جزّين,Jezzine,8,الجنوب,South
بطال,53000,الشّوف,Ech Chouf,5,جبل لبنان,Mount Lebanon
بطحا,55000,كسروان,Kesserouane,5,جبل لبنان,Mount Lebanon
بطلّون,54000,عاليه,Aley,5,جبل لبنان,Mount Lebanon
بطمة,53000,الشّوف,Ech Chouf,5,جبل لبنان,Mount Lebanon
بعلشميه,51000,بعبدا,Baabda,5,جبل لبنان,Mount Lebanon
بعلول (البقاع الغربي),42000,البقاع الغربي,West Bekaa,4,البقاع,Bekaa
بعورته,54000,عاليه,Aley,5,جبل لبنان,Mount Lebanon
بغدادي,11000,عكّار,Akkar,1,عكار,Akkar
بقاع صفرين,77000,المنية-الضنّية,El Minieh-Dennieh,7,الشمال,North
بقرصونة,77000,المنية-الضنّية,El Minieh-Dennieh,7,الشمال,North
بقعاتة كنعان,55000,كسروان,Kesserouane,5,جبل لبنان,Mount Lebanon
بكورا,77000,المنية-الضنّية,El Minieh-Dennieh,7,الشمال,North
بكّا,43000,راشيّا,Rachaya,4,البقاع,Bekaa
بكّيفا (راشيا),43000,راشيّا,Rachaya,4,البقاع,Bekaa
بلاط (مرجعيون),63000,مرجعيون,Marjaayoun,6,نبطية,Nabatiyeh
بلونة,55000,كسروان,Kesserouane,5,جبل لبنان,Mount Lebanon
بلّلا,76000,بشرّي,Bcharre,7,الشمال,North
بمكين,54000,عاليه,Aley,5,جبل لبنان,Mount Lebanon
بمهريه,54000,عاليه,Aley,5,جبل لبنان,Mount Lebanon
بنواتي (جزين),82000,جزّين,Jezzine,8,الجنوب,South
بني صخر,11000,عكّار,Akkar,1,عكار,Akkar
بنيه,54000,عاليه,Aley,5,جبل لبنان,Mount Lebanon
بو زريده,54000,عاليه,Aley,5,جبل لبنان,Mount Lebanon
بوداي,22000,بعلبك,Baalbek,2,بعلبك - هرمل,Baalbak - Hermel
بوشرية,52000,المتن,El Meten,5,جبل لبنان,Mount Lebanon
بويضة,63000,مرجعيون,Marjaayoun,6,نبطية,Nabatiyeh
بويضة (الهرمل),21000,الهرمل,El Hermel,2,بعلبك - هرمل,Baalbak - Hermel
بياض,83000,صور,Sour,8,الجنوب,South
بيت الحاج,11000,عكّار,Akkar,1,عكار,Akkar
بيت الشعّار,52000,المتن,El Meten,5,جبل لبنان,Mount Lebanon
بيت بو صليبي,22000,بعلبك,Baalbek,2,بعلبك - هرمل,Baalbak - Hermel
بيت حاويك,77000,المنية-الضنّية,El Minieh-Dennieh,7,الشمال,North
بيت حبّاق,56000,جبيل,Jbeil,5,جبل لبنان,Mount Lebanon
بيت لهيا,43000,راشيّا,Rachaya,4,البقاع,Bekaa
بيت ملات,11000,عكّار,Akkar,1,عكار,Akkar
بيرة (الشوف),53000,الشّوف,Ech Chouf,5,جبل لبنان,Mount Lebanon
بيرة (راشيا),43000,راشيّا,Rachaya,4,البقاع,Bekaa
بيرة (عكار),11000,عكّار,Akkar,1,عكار,Akkar
بيصور (جزين),82000,جزّين,Jezzine,8,الجنوب,South
بيصور (عاليه),54000,عاليه,Aley,5,جبل لبنان,Mount Lebanon
بينو,11000,عكّار,Akkar,1,عكار,Akkar
تاشع,11000,عكّار,Akkar,1,عكار,Akkar
تربل (المنيه-الضنيّه),77000,المنية-الضنّية,El Minieh-Dennieh,7,الشمال,North
تربل (زحلة),41000,زحلة,Zahle,4,البقاع,Bekaa
تكريت,11000,عكّار,Akkar,1,عكار,Akkar
تل الاخضر,41000,زحلة,Zahle,4,البقاع,Bekaa
تل بيره,11000,عكّار,Akkar,1,عكار,Akkar
تل حميرا,11000,عكّار,Akkar,1,عكار,Akkar
تل معيان,11000,عكّار,Akkar,1,عكار,Akkar
تله شطاحا,11000,عكّار,Akkar,1,عكار,Akkar
تليل,11000,عكّار,Akkar,1,عكار,Akkar
تمنين التحتا,22000,بعلبك,Baalbek,2,بعلبك - هرمل,Baalbak - Hermel
تمنين الفوقا,22000,بعلبك,Baalbek,2,بعلبك - هرمل,Baalbak - Hermel
توفيقيه,22000,بعلبك,Baalbek,2,بعلبك - هرمل,Baalbak - Hermel
تول,61000,النبطيّة,El Nabatieh,6,نبطية,Nabatiyeh
تولا الجبة,73000,زغرتا,Zgharta,7,الشمال,North
تويتي,41000,زحلة,Zahle,4,البقاع,Bekaa
جاهلية,53000,الشّوف,Ech Chouf,5,جبل لبنان,Mount Lebanon
جباع (الشوف),53000,الشّوف,Ech Chouf,5,جبل لبنان,Mount Lebanon
جبرايل (عكار),11000,عكّار,Akkar,1,عكار,Akkar
جبعا,22000,بعلبك,Baalbek,2,بعلبك - هرمل,Baalbak - Hermel
جبولة,22000,بعلبك,Baalbek,2,بعلبك - هرمل,Baalbak - Hermel
جدرا,53000,الشّوف,Ech Chouf,5,جبل لبنان,Mount Lebanon
جديتا,41000,زحلة,Zahle,4,البقاع,Bekaa
جديدة (مرجعيون),63000,مرجعيون,Marjaayoun,6,نبطية,Nabatiyeh
جديدة الجومه,11000,عكّار,Akkar,1,عكار,Akkar
جديدة الفاكهة,22000,بعلبك,Baalbek,2,بعلبك - هرمل,Baalbak - Hermel
جديدة القيطع,11000,عكّار,Akkar,1,عكار,Akkar
جرمق,82000,جزّين,Jezzine,8,الجنوب,South
جزيرة (البقاع الغربي),42000,البقاع الغربي,West Bekaa,4,البقاع,Bekaa
جلالا,41000,زحلة,Zahle,4,البقاع,Bekaa
جليسه,56000,جبيل,Jbeil,5,جبل لبنان,Mount Lebanon
جليلية,53000,الشّوف,Ech Chouf,5,جبل لبنان,Mount Lebanon
جميلية,53000,الشّوف,Ech Chouf,5,جبل لبنان,Mount Lebanon
جوار,52000,المتن,El Meten,5,جبل لبنان,Mount Lebanon
جوبانية,22000,بعلبك,Baalbek,2,بعلبك - هرمل,Baalbak - Hermel
جورة ارصون,51000,بعبدا,Baabda,5,جبل لبنان,Mount Lebanon
جية,53000,الشّوف,Ech Chouf,5,جبل لبنان,Mount Lebanon
حارة المعاصر,21000,الهرمل,El Hermel,2,بعلبك - هرمل,Baalbak - Hermel
حارة الناعمه,53000,الشّوف,Ech Chouf,5,جبل لبنان,Mount Lebanon
حارة صيدا,81000,صيدا,Saida,8,الجنوب,South
حازمية (المنيه-الضنيّه),77000,المنية-الضنّية,El Minieh-Dennieh,7,الشمال,North
حازمية (بعبدا),51000,بعبدا,Baabda,5,جبل لبنان,Mount Lebanon
حاصبيا المتن,51000,بعبدا,Baabda,5,جبل لبنان,Mount Lebanon
حاكور,11000,عكّار,Akkar,1,عكار,Akkar
حبشيت (عكار),11000,عكّار,Akkar,1,عكار,Akkar
حجة,81000,صيدا,Saida,8,الجنوب,South
حدث (بعبدا),51000,بعبدا,Baabda,5,جبل لبنان,Mount Lebanon
حدث (بعلبك),22000,بعلبك,Baalbek,2,بعلبك - هرمل,Baalbak - Hermel
حدث الجبه,76000,بشرّي,Bcharre,7,الشمال,North
حربتا,22000,بعلبك,Baalbek,2,بعلبك - هرمل,Baalbak - Hermel
حرف,82000,جزّين,Jezzine,8,الجنوب,South
حرف (أرده),73000,زغرتا,Zgharta,7,الشمال,North
حرف (مزيارة),73000,زغرتا,Zgharta,7,الشمال,North
حريق زغرتا,73000,زغرتا,Zgharta,7,الشمال,North
حريقة (الهرمل),21000,الهرمل,El Hermel,2,بعلبك - هرمل,Baalbak - Hermel
حريمة الصغرى,42000,البقاع الغربي,West Bekaa,4,البقاع,Bekaa
حصين,55000,كسروان,Kesserouane,5,جبل لبنان,Mount Lebanon
حقل العزيمة,77000,المنية-الضنّية,El Minieh-Dennieh,7,الشمال,North
حلبتا,22000,بعلبك,Baalbek,2,بعلبك - هرمل,Baalbak - Hermel
حلوة,43000,راشيّا,Rachaya,4,البقاع,Bekaa
حلوسية,83000,صور,Sour,8,الجنوب,South
حمصية,82000,جزّين,Jezzine,8,الجنوب,South
حميرة (الهرمل),21000,الهرمل,El Hermel,2,بعلبك - هرمل,Baalbak - Hermel
حميرة (عكار),11000,عكّار,Akkar,1,عكار,Akkar
حناوي (صور),83000,صور,Sour,8,الجنوب,South
حوارة,77000,المنية-الضنّية,El Minieh-Dennieh,7,الشمال,North
حور تعلا,22000,بعلبك,Baalbek,2,بعلبك - هرمل,Baalbak - Hermel
حوش الدهب,22000,بعلبك,Baalbek,2,بعلبك - هرمل,Baalbak - Hermel
حوش الرافقة,22000,بعلبك,Baalbek,2,بعلبك - هرمل,Baalbak - Hermel
حوش السيد علي,21000,الهرمل,El Hermel,2,بعلبك - هرمل,Baalbak - Hermel
حوش القنعبة (راشيا),43000,راشيّا,Rachaya,4,البقاع,Bekaa
حوش بردى,22000,بعلبك,Baalbek,2,بعلبك - هرمل,Baalbak - Hermel
حوش حالا,41000,زحلة,Zahle,4,البقاع,Bekaa
حوش سنيد,22000,بعلبك,Baalbek,2,بعلبك - هرمل,Baalbak - Hermel
حويش,11000,عكّار,Akkar,1,عكار,Akkar
حيتوله,82000,جزّين,Jezzine,8,الجنوب,South
حيداب,82000,جزّين,Jezzine,8,الجنوب,South
حيشي,11000,عكّار,Akkar,1,عكار,Akkar
حيصا,11000,عكّار,Akkar,1,عكار,Akkar
حيطورة,82000,جزّين,Jezzine,8,الجنوب,South
خرايب (الهرمل),21000,الهرمل,El Hermel,2,بعلبك - هرمل,Baalbak - Hermel
خرايب (صيدا),81000,صيدا,Saida,8,الجنوب,South
خربة بسري,53000,الشّوف,Ech Chouf,5,جبل لبنان,Mount Lebanon
خربة داوود (عكار),11000,عكّار,Akkar,1,عكار,Akkar
خربة شار,11000,عكّار,Akkar,1,عكار,Akkar
خرنوب,77000,المنية-الضنّية,El Minieh-Dennieh,7,الشمال,North
خريبة,11000,عكّار,Akkar,1,عكار,Akkar
خريبة (الشوف),53000,الشّوف,Ech Chouf,5,جبل لبنان,Mount Lebanon
خريبة (بعبدا),51000,بعبدا,Baabda,5,جبل لبنان,Mount Lebanon
خريبة (بعلبك),22000,بعلبك,Baalbek,2,بعلبك - هرمل,Baalbak - Hermel
خضر (بعلبك),22000,بعلبك,Baalbek,2,بعلبك - هرمل,Baalbak - Hermel
خلوات,64000,حاصبيّا,Hasbaya,6,نبطية,Nabatiyeh
خلوات فالوغا,51000,بعبدا,Baabda,5,جبل لبنان,Mount Lebanon
خنشارة,52000,المتن,El Meten,5,جبل لبنان,Mount Lebanon
دار الواسعة,22000,بعلبك,Baalbek,2,بعلبك - هرمل,Baalbak - Hermel
داريا (الشوف),53000,الشّوف,Ech Chouf,5,جبل لبنان,Mount Lebanon
داريا (زغرتا),73000,زغرتا,Zgharta,7,الشمال,North
داريا (كسروان),55000,كسروان,Kesserouane,5,جبل لبنان,Mount Lebanon
دارين (عكار),11000,عكّار,Akkar,1,عكار,Akkar
دامور,53000,الشّوف,Ech Chouf,5,جبل لبنان,Mount Lebanon
دايرة النهر الكبير (خط البترول),11000,عكّار,Akkar,1,عكار,Akkar
دبابيه الشرقية,11000,عكّار,Akkar,1,عكار,Akkar
دبية,53000,الشّوف,Ech Chouf,5,جبل لبنان,Mount Lebanon
دبين,63000,مرجعيون,Marjaayoun,6,نبطية,Nabatiyeh
دده,72000,الكورة,El Koura,7,الشمال,North
دغله,11000,عكّار,Akkar,1,عكار,Akkar
دقون,54000,عاليه,Aley,5,جبل لبنان,Mount Lebanon
دكوانة,52000,المتن,El Meten,5,جبل لبنان,Mount Lebanon
دلافة,64000,حاصبيّا,Hasbaya,6,نبطية,Nabatiyeh
دلهميه,41000,زحلة,Zahle,4,البقاع,Bekaa
دليبه,51000,بعبدا,Baabda,5,جبل لبنان,Mount Lebanon
دميت,53000,الشّوف,Ech Chouf,5,جبل لبنان,Mount Lebanon
دوار (المتن),52000,المتن,El Meten,5,جبل لبنان,Mount Lebanon
دورة (عكار),11000,عكّار,Akkar,1,عكار,Akkar
دورس (الانصار),22000,بعلبك,Baalbek,2,بعلبك - هرمل,Baalbak - Hermel
دوسا,11000,عكّار,Akkar,1,عكار,Akkar
دوير عدويه,11000,عكّار,Akkar,1,عكار,Akkar
دير الاحمر,22000,بعلبك,Baalbek,2,بعلبك - هرمل,Baalbak - Hermel
دير العشاير,43000,راشيّا,Rachaya,4,البقاع,Bekaa
دير القطارة,56000,جبيل,Jbeil,5,جبل لبنان,Mount Lebanon
دير بلَلا,74000,البترون,El Batroun,7,الشمال,North
دير دوريت,53000,الشّوف,Ech Chouf,5,جبل لبنان,Mount Lebanon
دير سريان,63000,مرجعيون,Marjaayoun,6,نبطية,Nabatiyeh
دير طاميش,52000,المتن,El Meten,5,جبل لبنان,Mount Lebanon
دير طحنيش,42000,البقاع الغربي,West Bekaa,4,البقاع,Bekaa
دير قانون العين,83000,صور,Sour,8,الجنوب,South
دير قطِين,82000,جزّين,Jezzine,8,الجنوب,South
دير قوبل,54000,عاليه,Aley,5,جبل لبنان,Mount Lebanon
دير كوشه,53000,الشّوف,Ech Chouf,5,جبل لبنان,Mount Lebanon
دير كيفا (صور),83000,صور,Sour,8,الجنوب,South
دير مار الياس كحلونية,51000,بعبدا,Baabda,5,جبل لبنان,Mount Lebanon
دير مار روكز,52000,المتن,El Meten,5,جبل لبنان,Mount Lebanon
ديشونية,52000,المتن,El Meten,5,جبل لبنان,Mount Lebanon
ديمان,76000,بشرّي,Bcharre,7,الشمال,North
ذوق الحبالصة,11000,عكّار,Akkar,1,عكار,Akkar
ذوق الحصينة,11000,عكّار,Akkar,1,عكار,Akkar
ذوق الخراب,52000,المتن,El Meten,5,جبل لبنان,Mount Lebanon
ذوق المقشرين,11000,عكّار,Akkar,1,عكار,Akkar
ذوق حدَاره,11000,عكّار,Akkar,1,عكار,Akkar
ذوق مصبح,55000,كسروان,Kesserouane,5,جبل لبنان,Mount Lebanon
ذوق مكايل,55000,كسروان,Kesserouane,5,جبل لبنان,Mount Lebanon
رابيه,52000,المتن,El Meten,5,جبل لبنان,Mount Lebanon
راس اسطا,56000,جبيل,Jbeil,5,جبل لبنان,Mount Lebanon
راس الحرف,51000,بعبدا,Baabda,5,جبل لبنان,Mount Lebanon
راس المتن,51000,بعبدا,Baabda,5,جبل لبنان,Mount Lebanon
راس بعلبك الشرقي,22000,بعلبك,Baalbek,2,بعلبك - هرمل,Baalbak - Hermel
راس كيفا,73000,زغرتا,Zgharta,7,الشمال,North
راس مسقا,72000,الكورة,El Koura,7,الشمال,North
راس نحاش,74000,البترون,El Batroun,7,الشمال,North
راشكيدا,74000,البترون,El Batroun,7,الشمال,North
راشكِدّه,74000,البترون,El Batroun,7,الشمال,North
رام (بعلبك),22000,بعلبك,Baalbek,2,بعلبك - هرمل,Baalbak - Hermel
راما,11000,عكّار,Akkar,1,عكار,Akkar
راموط,56000,جبيل,Jbeil,5,جبل لبنان,Mount Lebanon
رحبه,11000,عكّار,Akkar,1,عكار,Akkar
رشكنانيه,83000,صور,Sour,8,الجنوب,South
رفيد (راشيا),43000,راشيّا,Rachaya,4,البقاع,Bekaa
رماح,11000,عكّار,Akkar,1,عكار,Akkar
رمحالا,54000,عاليه,Aley,5,جبل لبنان,Mount Lebanon
رملية,54000,عاليه,Aley,5,جبل لبنان,Mount Lebanon
رمول,11000,عكّار,Akkar,1,عكار,Akkar
رميلة (الشوف),53000,الشّوف,Ech Chouf,5,جبل لبنان,Mount Lebanon
روضه (المنيه-الضنيّه),77000,المنية-الضنّية,El Minieh-Dennieh,7,الشمال,North
روم,82000,جزّين,Jezzine,8,الجنوب,South
روميه,52000,المتن,El Meten,5,جبل لبنان,Mount Lebanon
رويس,56000,جبيل,Jbeil,5,جبل لبنان,Mount Lebanon
رويسة البلوط,51000,بعبدا,Baabda,5,جبل لبنان,Mount Lebanon
رويسة النعمان,54000,عاليه,Aley,5,جبل لبنان,Mount Lebanon
ريحانة,56000,جبيل,Jbeil,5,جبل لبنان,Mount Lebanon
ريحانية (عكار),11000,عكّار,Akkar,1,عكار,Akkar
ريحانيه,77000,المنية-الضنّية,El Minieh-Dennieh,7,الشمال,North
ريمات,82000,جزّين,Jezzine,8,الجنوب,South
زبوغا,52000,المتن,El Meten,5,جبل لبنان,Mount Lebanon
زحلة المعلقة,41000,زحلة,Zahle,4,البقاع,Bekaa
زرارية,81000,صيدا,Saida,8,الجنوب,South
زرازير,22000,بعلبك,Baalbek,2,بعلبك - هرمل,Baalbak - Hermel
زعرورية,53000,الشّوف,Ech Chouf,5,جبل لبنان,Mount Lebanon
زعيتره,55000,كسروان,Kesserouane,5,جبل لبنان,Mount Lebanon
زغرين,52000,المتن,El Meten,5,جبل لبنان,Mount Lebanon
زغرين الهرمل,21000,الهرمل,El Hermel,2,بعلبك - هرمل,Baalbak - Hermel
زكزوك,72000,الكورة,El Koura,7,الشمال,North
زلايا,42000,البقاع الغربي,West Bekaa,4,البقاع,Bekaa
زلقا,52000,المتن,El Meten,5,جبل لبنان,Mount Lebanon
زواريب,11000,عكّار,Akkar,1,عكار,Akkar
زيتا,81000,صيدا,Saida,8,الجنوب,South
سبنيه,51000,بعبدا,Baabda,5,جبل لبنان,Mount Lebanon
سجد,82000,جزّين,Jezzine,8,الجنوب,South
سحمر,42000,البقاع الغربي,West Bekaa,4,البقاع,Bekaa
سرار,11000,عكّار,Akkar,1,عكار,Akkar
سرعين التحتا,22000,بعلبك,Baalbek,2,بعلبك - هرمل,Baalbak - Hermel
سرعين الفوقا,22000,بعلبك,Baalbek,2,بعلبك - هرمل,Baalbak - Hermel
سريرة,82000,جزّين,Jezzine,8,الجنوب,South
سعدين,11000,عكّار,Akkar,1,عكار,Akkar
سعيدي,22000,بعلبك,Baalbek,2,بعلبك - هرمل,Baalbak - Hermel
سفري,22000,بعلبك,Baalbek,2,بعلبك - هرمل,Baalbak - Hermel
سفيرة,77000,المنية-الضنّية,El Minieh-Dennieh,7,الشمال,North
سفيلة (بكفيا),52000,المتن,El Meten,5,جبل لبنان,Mount Lebanon
سفينة الدريب,11000,عكّار,Akkar,1,عكار,Akkar
سكسكية,81000,صيدا,Saida,8,الجنوب,South
سلطان يعقوب أراضي,42000,البقاع الغربي,West Bekaa,4,البقاع,Bekaa
سماعية,83000,صور,Sour,8,الجنوب,South
سمقانية,53000,الشّوف,Ech Chouf,5,جبل لبنان,Mount Lebanon
سمقله,11000,عكّار,Akkar,1,عكار,Akkar
سمونيه,11000,عكّار,Akkar,1,عكار,Akkar
سمَاقية,11000,عكّار,Akkar,1,عكار,Akkar
سنيَا,82000,جزّين,Jezzine,8,الجنوب,South
سهلات المي,21000,الهرمل,El Hermel,2,بعلبك - هرمل,Baalbak - Hermel
سهلة,11000,عكّار,Akkar,1,عكار,Akkar
سهيلة,55000,كسروان,Kesserouane,5,جبل لبنان,Mount Lebanon
سويسة عكار,11000,عكّار,Akkar,1,عكار,Akkar
سيني,61000,النبطيّة,El Nabatieh,6,نبطية,Nabatiyeh
شارون,54000,عاليه,Aley,5,جبل لبنان,Mount Lebanon
شاناي,54000,عاليه,Aley,5,جبل لبنان,Mount Lebanon
شاوية القنيطرة,52000,المتن,El Meten,5,جبل لبنان,Mount Lebanon
شبانية,51000,بعبدا,Baabda,5,جبل لبنان,Mount Lebanon
شبرقية عميق,42000,البقاع الغربي,West Bekaa,4,البقاع,Bekaa
شتورا,41000,زحلة,Zahle,4,البقاع,Bekaa
شربين الهرمل,21000,الهرمل,El Hermel,2,بعلبك - هرمل,Baalbak - Hermel
شرقية,61000,النبطيّة,El Nabatieh,6,نبطية,Nabatiyeh
شقاديف,82000,جزّين,Jezzine,8,الجنوب,South
شقدوف (عكار),11000,عكّار,Akkar,1,عكار,Akkar
شكَا,74000,البترون,El Batroun,7,الشمال,North
شملان,54000,عاليه,Aley,5,جبل لبنان,Mount Lebanon
شهابية,83000,صور,Sour,8,الجنوب,South
شواغير التحتا,21000,الهرمل,El Hermel,2,بعلبك - هرمل,Baalbak - Hermel
شواغير الفوقا,21000,الهرمل,El Hermel,2,بعلبك - هرمل,Baalbak - Hermel
شوير,52000,المتن,El Meten,5,جبل لبنان,Mount Lebanon
شويفات,54000,عاليه,Aley,5,جبل لبنان,Mount Lebanon
شويّا,64000,حاصبيّا,Hasbaya,6,نبطية,Nabatiyeh
شيخ عيَاش (عكار),11000,عكّار,Akkar,1,عكار,Akkar
شيخ محمد,11000,عكّار,Akkar,1,عكار,Akkar
صالحية (صيدا),81000,صيدا,Saida,8,الجنوب,South
صبوبا,22000,بعلبك,Baalbek,2,بعلبك - هرمل,Baalbak - Hermel
صخرا,73000,زغرتا,Zgharta,7,الشمال,North
صربا,61000,النبطيّة,El Nabatieh,6,نبطية,Nabatiyeh
صرفند,81000,صيدا,Saida,8,الجنوب,South
صفاريه,82000,جزّين,Jezzine,8,الجنوب,South
صفرا (بشوات),22000,بعلبك,Baalbek,2,بعلبك - هرمل,Baalbak - Hermel
صليما (بعبدا),51000,بعبدا,Baabda,5,جبل لبنان,Mount Lebanon
صوانة (نبحا الدمدوم),22000,بعلبك,Baalbek,2,بعلبك - هرمل,Baalbak - Hermel
صير الغربية,61000,النبطيّة,El Nabatieh,6,نبطية,Nabatiyeh
صّباح,82000,جزّين,Jezzine,8,الجنوب,South
ضبية,52000,المتن,El Meten,5,جبل لبنان,Mount Lebanon
ضهر ابي ياغي,74000,البترون,El Batroun,7,الشمال,North
ضهر الاحمر,43000,راشيّا,Rachaya,4,البقاع,Bekaa
ضهر الحصين,52000,المتن,El Meten,5,جبل لبنان,Mount Lebanon
ضهر القنبر,11000,عكّار,Akkar,1,عكار,Akkar
ضهر ليسينه,11000,عكّار,Akkar,1,عكار,Akkar
طاران,77000,المنية-الضنّية,El Minieh-Dennieh,7,الشمال,North
طاريا,22000,بعلبك,Baalbek,2,بعلبك - هرمل,Baalbak - Hermel
طبرجا,55000,كسروان,Kesserouane,5,جبل لبنان,Mount Lebanon
طليا,22000,بعلبك,Baalbek,2,بعلبك - هرمل,Baalbak - Hermel
طيبة (بعلبك),22000,بعلبك,Baalbek,2,بعلبك - هرمل,Baalbak - Hermel
طير دبّه,83000,صور,Sour,8,الجنوب,South
طيري,62000,بنت جبيل,Bent Jbeil,6,نبطية,Nabatiyeh
ظهيرة,83000,صور,Sour,8,الجنوب,South
عاريه,82000,جزّين,Jezzine,8,الجنوب,South
عازور,82000,جزّين,Jezzine,8,الجنوب,South
عاقورة,56000,جبيل,Jbeil,5,جبل لبنان,Mount Lebanon
عامرية,11000,عكّار,Akkar,1,عكار,Akkar
عبدة,11000,عكّار,Akkar,1,عكار,Akkar
عبدللي,74000,البترون,El Batroun,7,الشمال,North
عبدين (بشري),76000,بشرّي,Bcharre,7,الشمال,North
عبري,55000,كسروان,Kesserouane,5,جبل لبنان,Mount Lebanon
عبودية,11000,عكّار,Akkar,1,عكار,Akkar
عبيه,54000,عاليه,Aley,5,جبل لبنان,Mount Lebanon
عبَا,61000,النبطيّة,El Nabatieh,6,نبطية,Nabatiyeh
عثرين,53000,الشّوف,Ech Chouf,5,جبل لبنان,Mount Lebanon
عدبل,11000,عكّار,Akkar,1,عكار,Akkar
عدشيت (القصير),63000,مرجعيون,Marjaayoun,6,نبطية,Nabatiyeh
عدشيت الشقيف,61000,النبطيّة,El Nabatieh,6,نبطية,Nabatiyeh
عديسة,63000,مرجعيون,Marjaayoun,6,نبطية,Nabatiyeh
عدّوسية,81000,صيدا,Saida,8,الجنوب,South
عذره والعذر,55000,كسروان,Kesserouane,5,جبل لبنان,Mount Lebanon
عرب صاليم,61000,النبطيّة,El Nabatieh,6,نبطية,Nabatiyeh
عرب طبَايا,81000,صيدا,Saida,8,الجنوب,South
عربانية,51000,بعبدا,Baabda,5,جبل لبنان,Mount Lebanon
عرطز,74000,البترون,El Batroun,7,الشمال,North
عرقا,11000,عكّار,Akkar,1,عكار,Akkar
عرمون (عاليه),54000,عاليه,Aley,5,جبل لبنان,Mount Lebanon
عريضة (عكار),11000,عكّار,Akkar,1,عكار,Akkar
عزه,61000,النبطيّة,El Nabatieh,6,نبطية,Nabatiyeh
عزّونيه,54000,عاليه,Aley,5,جبل لبنان,Mount Lebanon
عطشانة,52000,المتن,El Meten,5,جبل لبنان,Mount Lebanon
عقبة راشيا,43000,راشيّا,Rachaya,4,البقاع,Bekaa
عقتنيت (صيدا),81000,صيدا,Saida,8,الجنوب,South
عقيدية,22000,بعلبك,Baalbek,2,بعلبك - هرمل,Baalbak - Hermel
عكار العتيقه,11000,عكّار,Akkar,1,عكار,Akkar
علاق التل,22000,بعلبك,Baalbek,2,بعلبك - هرمل,Baalbak - Hermel
علالي,74000,البترون,El Batroun,7,الشمال,North
علمات الشماليية,56000,جبيل,Jbeil,5,جبل لبنان,Mount Lebanon
عمارة,11000,عكّار,Akkar,1,عكار,Akkar
عمرا,63000,مرجعيون,Marjaayoun,6,نبطية,Nabatiyeh
عميق (البقاع الغربي),42000,البقاع الغربي,West Bekaa,4,البقاع,Bekaa
عميق (الشوف),53000,الشّوف,Ech Chouf,5,جبل لبنان,Mount Lebanon
عمّاطور,53000,الشّوف,Ech Chouf,5,جبل لبنان,Mount Lebanon
عنجر (حوش موس),41000,زحلة,Zahle,4,البقاع,Bekaa
عنَايا,56000,جبيل,Jbeil,5,جبل لبنان,Mount Lebanon
عورا,74000,البترون,El Batroun,7,الشمال,North
عويده,11000,عكّار,Akkar,1,عكار,Akkar
عوينات (عكار),11000,عكّار,Akkar,1,عكار,Akkar
عيتا الجبل (الزط),62000,بنت جبيل,Bent Jbeil,6,نبطية,Nabatiyeh
عيحا,43000,راشيّا,Rachaya,4,البقاع,Bekaa
عيرون,52000,المتن,El Meten,5,جبل لبنان,Mount Lebanon
عيشية,82000,جزّين,Jezzine,8,الجنوب,South
عيمر,77000,المنية-الضنّية,El Minieh-Dennieh,7,الشمال,North
عين (بعلبك),22000,بعلبك,Baalbek,2,بعلبك - هرمل,Baalbak - Hermel
عين أبو عبدالله,83000,صور,Sour,8,الجنوب,South
عين اشما,11000,عكّار,Akkar,1,عكار,Akkar
عين الاسد,53000,الشّوف,Ech Chouf,5,جبل لبنان,Mount Lebanon
عين التينة (البقاع الغربي),42000,البقاع الغربي,West Bekaa,4,البقاع,Bekaa
عين التينه (المنيه-الضنيّه),77000,المنية-الضنّية,El Minieh-Dennieh,7,الشمال,North
عين الجديدة (عاليه),54000,عاليه,Aley,5,جبل لبنان,Mount Lebanon
عين الذهب (دنبو),11000,عكّار,Akkar,1,عكار,Akkar
عين الرمانة (الشياح),51000,بعبدا,Baabda,5,جبل لبنان,Mount Lebanon
عين الرمانة ‎(عاليه),54000,عاليه,Aley,5,جبل لبنان,Mount Lebanon
عين الزيتونة,52000,المتن,El Meten,5,جبل لبنان,Mount Lebanon
عين السودا,22000,بعلبك,Baalbek,2,بعلبك - هرمل,Baalbak - Hermel
عين الصفصاف,52000,المتن,El Meten,5,جبل لبنان,Mount Lebanon
عين الفريديس,54000,عاليه,Aley,5,جبل لبنان,Mount Lebanon
عين بعال (صور),83000,صور,Sour,8,الجنوب,South
عين بورضاي,22000,بعلبك,Baalbek,2,بعلبك - هرمل,Baalbak - Hermel
عين بوسوار,61000,النبطيّة,El Nabatieh,6,نبطية,Nabatiyeh
عين تراز,54000,عاليه,Aley,5,جبل لبنان,Mount Lebanon
عين تنتا,11000,عكّار,Akkar,1,عكار,Akkar
عين داره,54000,عاليه,Aley,5,جبل لبنان,Mount Lebanon
عين عار,52000,المتن,El Meten,5,جبل لبنان,Mount Lebanon
عين عرب,63000,مرجعيون,Marjaayoun,6,نبطية,Nabatiyeh
عين عرب (راشيا),43000,راشيّا,Rachaya,4,البقاع,Bekaa
عين قني,53000,الشّوف,Ech Chouf,5,جبل لبنان,Mount Lebanon
عيناب,54000,عاليه,Aley,5,جبل لبنان,Mount Lebanon
عيناتا (بعلبك),22000,بعلبك,Baalbek,2,بعلبك - هرمل,Baalbak - Hermel
عينبال,53000,الشّوف,Ech Chouf,5,جبل لبنان,Mount Lebanon
عينطورة,55000,كسروان,Kesserouane,5,جبل لبنان,Mount Lebanon
عينطورة (المتن),52000,المتن,El Meten,5,جبل لبنان,Mount Lebanon
عيون (المتن),52000,المتن,El Meten,5,جبل لبنان,Mount Lebanon
عيون (عكار),11000,عكّار,Akkar,1,عكار,Akkar
غابات,56000,جبيل,Jbeil,5,جبل لبنان,Mount Lebanon
غابة,52000,المتن,El Meten,5,جبل لبنان,Mount Lebanon
غابون,54000,عاليه,Aley,5,جبل لبنان,Mount Lebanon
غازية,81000,صيدا,Saida,8,الجنوب,South
غبيري,51000,بعبدا,Baabda,5,جبل لبنان,Mount Lebanon
غبَاطية,82000,جزّين,Jezzine,8,الجنوب,South
غريفة,53000,الشّوف,Ech Chouf,5,جبل لبنان,Mount Lebanon
غزة,42000,البقاع الغربي,West Bekaa,4,البقاع,Bekaa
غزيله,11000,عكّار,Akkar,1,عكار,Akkar
غوسطا,55000,كسروان,Kesserouane,5,جبل لبنان,Mount Lebanon
فاكهة,22000,بعلبك,Baalbek,2,بعلبك - هرمل,Baalbak - Hermel
فتاحات,74000,البترون,El Batroun,7,الشمال,North
فرديس,64000,حاصبيّا,Hasbaya,6,نبطية,Nabatiyeh
فرزل,41000,زحلة,Zahle,4,البقاع,Bekaa
فريدس (عكار),11000,عكّار,Akkar,1,عكار,Akkar
فريديس (الشوف),53000,الشّوف,Ech Chouf,5,جبل لبنان,Mount Lebanon
فريكه,52000,المتن,El Meten,5,جبل لبنان,Mount Lebanon
فلاوي,22000,بعلبك,Baalbek,2,بعلبك - هرمل,Baalbak - Hermel
فوارة جعفر,53000,الشّوف,Ech Chouf,5,جبل لبنان,Mount Lebanon
فياضية,51000,بعبدا,Baabda,5,جبل لبنان,Mount Lebanon
فيطرون,55000,كسروان,Kesserouane,5,جبل لبنان,Mount Lebanon
قادريه,73000,زغرتا,Zgharta,7,الشمال,North
قاع بعلبك,22000,بعلبك,Baalbek,2,بعلبك - هرمل,Baalbak - Hermel
قانا,83000,صور,Sour,8,الجنوب,South
قب الياس,41000,زحلة,Zahle,4,البقاع,Bekaa
قبولا,11000,عكّار,Akkar,1,عكار,Akkar
قبيات (عكار),11000,عكّار,Akkar,1,عكار,Akkar
قتالة (بعبدا),51000,بعبدا,Baabda,5,جبل لبنان,Mount Lebanon
قتالة (جزين),82000,جزّين,Jezzine,8,الجنوب,South
قرحا (بعلبك),22000,بعلبك,Baalbek,2,بعلبك - هرمل,Baalbak - Hermel
قرحا (عكار),11000,عكّار,Akkar,1,عكار,Akkar
قرصيتا,77000,المنية-الضنّية,El Minieh-Dennieh,7,الشمال,North
قرطاضة,51000,بعبدا,Baabda,5,جبل لبنان,Mount Lebanon
قرقف,11000,عكّار,Akkar,1,عكار,Akkar
قرنة (عكار),11000,عكّار,Akkar,1,عكار,Akkar
قرنة الحمرا,52000,المتن,El Meten,5,جبل لبنان,Mount Lebanon
قريات (عكار),11000,عكّار,Akkar,1,عكار,Akkar
قرية,81000,صيدا,Saida,8,الجنوب,South
قرية (بعبدا),51000,بعبدا,Baabda,5,جبل لبنان,Mount Lebanon
قصر (الهرمل),21000,الهرمل,El Hermel,2,بعلبك - هرمل,Baalbak - Hermel
قصيبة,61000,النبطيّة,El Nabatieh,6,نبطية,Nabatiyeh
قصيبة (بعبدا),51000,بعبدا,Baabda,5,جبل لبنان,Mount Lebanon
قصير,63000,مرجعيون,Marjaayoun,6,نبطية,Nabatiyeh
قطارة,56000,جبيل,Jbeil,5,جبل لبنان,Mount Lebanon
قطراني,82000,جزّين,Jezzine,8,الجنوب,South
قطين (المنيه-الضنيّه),77000,المنية-الضنّية,El Minieh-Dennieh,7,الشمال,North
قعقور,52000,المتن,El Meten,5,جبل لبنان,Mount Lebanon
قلحات,72000,الكورة,El Koura,7,الشمال,North
قلعة (بعبدا),51000,بعبدا,Baabda,5,جبل لبنان,Mount Lebanon
قلود الباقيه,11000,عكّار,Akkar,1,عكار,Akkar
قلويه,62000,بنت جبيل,Bent Jbeil,6,نبطية,Nabatiyeh
قليعات (عكار),11000,عكّار,Akkar,1,عكار,Akkar
قليلة (نبحا),22000,بعلبك,Baalbek,2,بعلبك - هرمل,Baalbak - Hermel
قماطية,54000,عاليه,Aley,5,جبل لبنان,Mount Lebanon
قنابة صليما,52000,المتن,El Meten,5,جبل لبنان,Mount Lebanon
قنافذ,21000,الهرمل,El Hermel,2,بعلبك - هرمل,Baalbak - Hermel
قندولا,74000,البترون,El Batroun,7,الشمال,North
قنطرة,63000,مرجعيون,Marjaayoun,6,نبطية,Nabatiyeh
قنطرة (عكار),11000,عكّار,Akkar,1,عكار,Akkar
قنيه,11000,عكّار,Akkar,1,عكار,Akkar
كبَا,74000,البترون,El Batroun,7,الشمال,North
كحلونية (الشوف),53000,الشّوف,Ech Chouf,5,جبل لبنان,Mount Lebanon
كرخا,82000,جزّين,Jezzine,8,الجنوب,South
كرم المهر,77000,المنية-الضنّية,El Minieh-Dennieh,7,الشمال,North
كرم سده,73000,زغرتا,Zgharta,7,الشمال,North
كرم عصفور,11000,عكّار,Akkar,1,عكار,Akkar
كرمة (قمل),41000,زحلة,Zahle,4,البقاع,Bekaa
كفر,56000,جبيل,Jbeil,5,جبل لبنان,Mount Lebanon
كفر تون,11000,عكّار,Akkar,1,عكار,Akkar
كفر تيه,55000,كسروان,Kesserouane,5,جبل لبنان,Mount Lebanon
كفر تيه (المتن),52000,المتن,El Meten,5,جبل لبنان,Mount Lebanon
كفر حاتا (الكوره),72000,الكورة,El Koura,7,الشمال,North
كفر حاتا (زغرتا),73000,زغرتا,Zgharta,7,الشمال,North
كفر حتَا,81000,صيدا,Saida,8,الجنوب,South
كفر حونة,82000,جزّين,Jezzine,8,الجنوب,South
كفر حي (البترون),74000,البترون,El Batroun,7,الشمال,North
كفر حي (الشوف),53000,الشّوف,Ech Chouf,5,جبل لبنان,Mount Lebanon
كفر دان,22000,بعلبك,Baalbek,2,بعلبك - هرمل,Baalbak - Hermel
كفر دبيان,55000,كسروان,Kesserouane,5,جبل لبنان,Mount Lebanon
كفر شلال (صيدا),81000,صيدا,Saida,8,الجنوب,South
كفر شلان (المنيه-الضنيّه),77000,المنية-الضنّية,El Minieh-Dennieh,7,الشمال,North
كفر شيما,51000,بعبدا,Baabda,5,جبل لبنان,Mount Lebanon
كفر صارون (الكوره),72000,الكورة,El Koura,7,الشمال,North
كفر عقاب,52000,المتن,El Meten,5,جبل لبنان,Mount Lebanon
كفر عميه,54000,عاليه,Aley,5,جبل لبنان,Mount Lebanon
كفر فاقود,53000,الشّوف,Ech Chouf,5,جبل لبنان,Mount Lebanon
كفر قطره,53000,الشّوف,Ech Chouf,5,جبل لبنان,Mount Lebanon
كفر قوق,43000,راشيّا,Rachaya,4,البقاع,Bekaa
كفر كده,56000,جبيل,Jbeil,5,جبل لبنان,Mount Lebanon
كفر مشكي,43000,راشيّا,Rachaya,4,البقاع,Bekaa
كفر ملكي (صيدا),81000,صيدا,Saida,8,الجنوب,South
كفر ملكي (عكار),11000,عكّار,Akkar,1,عكار,Akkar
كفرا (بنت جبيل),62000,بنت جبيل,Bent Jbeil,6,نبطية,Nabatiyeh
كفريا (البقاع الغربي),42000,البقاع الغربي,West Bekaa,4,البقاع,Bekaa
كفريا (الكوره),72000,الكورة,El Koura,7,الشمال,North
كفريا (زغرتا),73000,زغرتا,Zgharta,7,الشمال,North
كفريا (صيدا),81000,صيدا,Saida,8,الجنوب,South
كفير الزيت,64000,حاصبيّا,Hasbaya,6,نبطية,Nabatiyeh
كفَ الملول,77000,المنية-الضنّية,El Minieh-Dennieh,7,الشمال,North
كليله,53000,الشّوف,Ech Chouf,5,جبل لبنان,Mount Lebanon
كنيسة,83000,صور,Sour,8,الجنوب,South
كنيسة (الشوف),53000,الشّوف,Ech Chouf,5,جبل لبنان,Mount Lebanon
كنيسة (بعبدا),51000,بعبدا,Baabda,5,جبل لبنان,Mount Lebanon
كنيسة (بعلبك),22000,بعلبك,Baalbek,2,بعلبك - هرمل,Baalbak - Hermel
كنيسة (عكار),11000,عكّار,Akkar,1,عكار,Akkar
كواخ,21000,الهرمل,El Hermel,2,بعلبك - هرمل,Baalbak - Hermel
كواشره,11000,عكّار,Akkar,1,عكار,Akkar
كوشا,11000,عكّار,Akkar,1,عكار,Akkar
كوكبا (راشيا),43000,راشيّا,Rachaya,4,البقاع,Bekaa
كيفون,54000,عاليه,Aley,5,جبل لبنان,Mount Lebanon
لالا,42000,البقاع الغربي,West Bekaa,4,البقاع,Bekaa
لبعا,82000,جزّين,Jezzine,8,الجنوب,South
لبوة,22000,بعلبك,Baalbek,2,بعلبك - هرمل,Baalbak - Hermel
لوبية,81000,صيدا,Saida,8,الجنوب,South
لوسيا,42000,البقاع الغربي,West Bekaa,4,البقاع,Bekaa
لويزة,51000,بعبدا,Baabda,5,جبل لبنان,Mount Lebanon
لويزة (جزين),82000,جزّين,Jezzine,8,الجنوب,South
مار بطرس كرم التين,52000,المتن,El Meten,5,جبل لبنان,Mount Lebanon
مار توما,11000,عكّار,Akkar,1,عكار,Akkar
مار شعيا,52000,المتن,El Meten,5,جبل لبنان,Mount Lebanon
مار مخايل بنابيل,52000,المتن,El Meten,5,جبل لبنان,Mount Lebanon
مار موسى الدوار,52000,المتن,El Meten,5,جبل لبنان,Mount Lebanon
مارون الراس,62000,بنت جبيل,Bent Jbeil,6,نبطية,Nabatiyeh
ماري,64000,حاصبيّا,Hasbaya,6,نبطية,Nabatiyeh
متين,52000,المتن,El Meten,5,جبل لبنان,Mount Lebanon
مجادل,83000,صور,Sour,8,الجنوب,South
مجدل (الكوره),72000,الكورة,El Koura,7,الشمال,North
مجدل المعوش,53000,الشّوف,Ech Chouf,5,جبل لبنان,Mount Lebanon
مجدل بلهيص,43000,راشيّا,Rachaya,4,البقاع,Bekaa
مجدل عكار,11000,عكّار,Akkar,1,عكار,Akkar
مجدلا (عكار),11000,عكّار,Akkar,1,عكار,Akkar
مجدليّا (زغرتا),73000,زغرتا,Zgharta,7,الشمال,North
مجدليّا (عاليه),54000,عاليه,Aley,5,جبل لبنان,Mount Lebanon
مجذوب,52000,المتن,El Meten,5,جبل لبنان,Mount Lebanon
مجيدل (جزين),82000,جزّين,Jezzine,8,الجنوب,South
مجيدية,64000,حاصبيّا,Hasbaya,6,نبطية,Nabatiyeh
محتقره,53000,الشّوف,Ech Chouf,5,جبل لبنان,Mount Lebanon
محرونه,83000,صور,Sour,8,الجنوب,South
محمرة (عكار),11000,عكّار,Akkar,1,عكار,Akkar
محيدثة,52000,المتن,El Meten,5,جبل لبنان,Mount Lebanon
محيدثه (راشيا),43000,راشيّا,Rachaya,4,البقاع,Bekaa
مختارة,53000,الشّوف,Ech Chouf,5,جبل لبنان,Mount Lebanon
مراح الزويتينه,21000,الهرمل,El Hermel,2,بعلبك - هرمل,Baalbak - Hermel
مراح السويسة,21000,الهرمل,El Hermel,2,بعلبك - هرمل,Baalbak - Hermel
مراح رأس العين,21000,الهرمل,El Hermel,2,بعلبك - هرمل,Baalbak - Hermel
مرادية,55000,كسروان,Kesserouane,5,جبل لبنان,Mount Lebanon
مرج الزهور (الدنيبة),64000,حاصبيّا,Hasbaya,6,نبطية,Nabatiyeh
مرج برجا,53000,الشّوف,Ech Chouf,5,جبل لبنان,Mount Lebanon
مرجبا,52000,المتن,El Meten,5,جبل لبنان,Mount Lebanon
مرستى,53000,الشّوف,Ech Chouf,5,جبل لبنان,Mount Lebanon
مركبا,63000,مرجعيون,Marjaayoun,6,نبطية,Nabatiyeh
مروانية,81000,صيدا,Saida,8,الجنوب,South
مروج,52000,المتن,El Meten,5,جبل لبنان,Mount Lebanon
مرياطا,73000,زغرتا,Zgharta,7,الشمال,North
مريجات,54000,عاليه,Aley,5,جبل لبنان,Mount Lebanon
مريجات (زحلة),41000,زحلة,Zahle,4,البقاع,Bekaa
مريجة,51000,بعبدا,Baabda,5,جبل لبنان,Mount Lebanon
مزرعة التوت,22000,بعلبك,Baalbek,2,بعلبك - هرمل,Baalbak - Hermel
مزرعة الحضيرة,52000,المتن,El Meten,5,جبل لبنان,Mount Lebanon
مزرعة الرماسا,22000,بعلبك,Baalbek,2,بعلبك - هرمل,Baalbak - Hermel
مزرعة السيد,22000,بعلبك,Baalbek,2,بعلبك - هرمل,Baalbak - Hermel
مزرعة الضليل,22000,بعلبك,Baalbek,2,بعلبك - هرمل,Baalbak - Hermel
مزرعة الفراديس,73000,زغرتا,Zgharta,7,الشمال,North
مزرعة الفقيه,21000,الهرمل,El Hermel,2,بعلبك - هرمل,Baalbak - Hermel
مزرعة الكريم,77000,المنية-الضنّية,El Minieh-Dennieh,7,الشمال,North
مزرعة النهرية,11000,عكّار,Akkar,1,عكار,Akkar
مزرعة آلسويدان,22000,بعلبك,Baalbek,2,بعلبك - هرمل,Baalbak - Hermel
مزرعة بلده,11000,عكّار,Akkar,1,عكار,Akkar
مزرعة بيت غطاس,11000,عكّار,Akkar,1,عكار,Akkar
مزرعة بيت مطر,22000,بعلبك,Baalbek,2,بعلبك - هرمل,Baalbak - Hermel
مزرعة جنجلاية,81000,صيدا,Saida,8,الجنوب,South
مزرعة حوقا,73000,زغرتا,Zgharta,7,الشمال,North
مزرعة دير عوكر,52000,المتن,El Meten,5,جبل لبنان,Mount Lebanon
مزرعة سجد (الهرمل),21000,الهرمل,El Hermel,2,بعلبك - هرمل,Baalbak - Hermel
مزرعة سردة,63000,مرجعيون,Marjaayoun,6,نبطية,Nabatiyeh
مزرعة سلساتا,43000,راشيّا,Rachaya,4,البقاع,Bekaa
مزرعة عرطوسي,77000,المنية-الضنّية,El Minieh-Dennieh,7,الشمال,North
مزرعة قلد السبع,22000,بعلبك,Baalbek,2,بعلبك - هرمل,Baalbak - Hermel
مسرح,74000,البترون,El Batroun,7,الشمال,North
مسعوديه,11000,عكّار,Akkar,1,عكار,Akkar
مسقى,52000,المتن,El Meten,5,جبل لبنان,Mount Lebanon
مشاع الجبه,76000,بشرّي,Bcharre,7,الشمال,North
مشرح,52000,المتن,El Meten,5,جبل لبنان,Mount Lebanon
مشرف,53000,الشّوف,Ech Chouf,5,جبل لبنان,Mount Lebanon
مشرفه,54000,عاليه,Aley,5,جبل لبنان,Mount Lebanon
مشمش (عكار),11000,عكّار,Akkar,1,عكار,Akkar
مشيلحة,11000,عكّار,Akkar,1,عكار,Akkar
مطله,53000,الشّوف,Ech Chouf,5,جبل لبنان,Mount Lebanon
مطيلب,52000,المتن,El Meten,5,جبل لبنان,Mount Lebanon
معربون,22000,بعلبك,Baalbek,2,بعلبك - هرمل,Baalbak - Hermel
معمارية,81000,صيدا,Saida,8,الجنوب,South
معنيه,53000,الشّوف,Ech Chouf,5,جبل لبنان,Mount Lebanon
معيصرة (الهرمل),21000,الهرمل,El Hermel,2,بعلبك - هرمل,Baalbak - Hermel
مغر الاحول,76000,بشرّي,Bcharre,7,الشمال,North
مغيره,56000,جبيل,Jbeil,5,جبل لبنان,Mount Lebanon
مقراق,22000,بعلبك,Baalbek,2,بعلبك - هرمل,Baalbak - Hermel
مقيبله,11000,عكّار,Akkar,1,عكار,Akkar
مقيطع,11000,عكّار,Akkar,1,عكار,Akkar
مليخ,82000,جزّين,Jezzine,8,الجنوب,South
منصف,56000,جبيل,Jbeil,5,جبل لبنان,Mount Lebanon
منصورية,52000,المتن,El Meten,5,جبل لبنان,Mount Lebanon
منصورية (عاليه),54000,عاليه,Aley,5,جبل لبنان,Mount Lebanon
منيارة,11000,عكّار,Akkar,1,عكار,Akkar
منيه,77000,المنية-الضنّية,El Minieh-Dennieh,7,الشمال,North
مونسه,11000,عكّار,Akkar,1,عكار,Akkar
مياسة,52000,المتن,El Meten,5,جبل لبنان,Mount Lebanon
مية ومية,81000,صيدا,Saida,8,الجنوب,South
ميدان,82000,جزّين,Jezzine,8,الجنوب,South
مينا (طرابلس),71000,طرابلس,Tripoli,7,الشمال,North
نابيه,52000,المتن,El Meten,5,جبل لبنان,Mount Lebanon
ناصرية,41000,زحلة,Zahle,4,البقاع,Bekaa
ناعمه,53000,الشّوف,Ech Chouf,5,جبل لبنان,Mount Lebanon
نبحا الدمدوم,22000,بعلبك,Baalbek,2,بعلبك - هرمل,Baalbak - Hermel
نبحا القدام,22000,بعلبك,Baalbek,2,بعلبك - هرمل,Baalbak - Hermel
نبحا المحفارة,22000,بعلبك,Baalbek,2,بعلبك - هرمل,Baalbak - Hermel
نبي رشاده,22000,بعلبك,Baalbek,2,بعلبك - هرمل,Baalbak - Hermel
نبي شباط,22000,بعلبك,Baalbek,2,بعلبك - هرمل,Baalbak - Hermel
نبي شيت,22000,بعلبك,Baalbek,2,بعلبك - هرمل,Baalbak - Hermel
نبي عثمان,22000,بعلبك,Baalbek,2,بعلبك - هرمل,Baalbak - Hermel
نبي يوشع,77000,المنية-الضنّية,El Minieh-Dennieh,7,الشمال,North
نجارية,81000,صيدا,Saida,8,الجنوب,South
نحلا,74000,البترون,El Batroun,7,الشمال,North
نحله (بعلبك),22000,بعلبك,Baalbek,2,بعلبك - هرمل,Baalbak - Hermel
نخلة,72000,الكورة,El Koura,7,الشمال,North
نفيسه,11000,عكّار,Akkar,1,عكار,Akkar
نقاش,52000,المتن,El Meten,5,جبل لبنان,Mount Lebanon
نقرة,22000,بعلبك,Baalbek,2,بعلبك - هرمل,Baalbak - Hermel
نميرية,61000,النبطيّة,El Nabatieh,6,نبطية,Nabatiyeh
نهر ابراهيم,56000,جبيل,Jbeil,5,جبل لبنان,Mount Lebanon
نهر الدهب,55000,كسروان,Kesserouane,5,جبل لبنان,Mount Lebanon
نهريه,11000,عكّار,Akkar,1,عكار,Akkar
نورا التحتا,11000,عكّار,Akkar,1,عكار,Akkar
نورا الفوقا,11000,عكّار,Akkar,1,عكار,Akkar
نيحا (البترون),74000,البترون,El Batroun,7,الشمال,North
نيحا (زحلة),41000,زحلة,Zahle,4,البقاع,Bekaa
هابيل,56000,جبيل,Jbeil,5,جبل لبنان,Mount Lebanon
هبّارية,64000,حاصبيّا,Hasbaya,6,نبطية,Nabatiyeh
هربونة,74000,البترون,El Batroun,7,الشمال,North
هرمل,21000,الهرمل,El Hermel,2,بعلبك - هرمل,Baalbak - Hermel
هري,74000,البترون,El Batroun,7,الشمال,North
هلالية (بعبدا),51000,بعبدا,Baabda,5,جبل لبنان,Mount Lebanon
هلالية (صيدا),81000,صيدا,Saida,8,الجنوب,South
هيتلا (عكار),11000,عكّار,Akkar,1,عكار,Akkar
وادي الرطل,21000,الهرمل,El Hermel,2,بعلبك - هرمل,Baalbak - Hermel
وادي العص,21000,الهرمل,El Hermel,2,بعلبك - هرمل,Baalbak - Hermel
وادي الكرم (الهرمل),21000,الهرمل,El Hermel,2,بعلبك - هرمل,Baalbak - Hermel
وادي بنحليه,53000,الشّوف,Ech Chouf,5,جبل لبنان,Mount Lebanon
وادي دير دوريت,53000,الشّوف,Ech Chouf,5,جبل لبنان,Mount Lebanon
وادي شحرور العليا,51000,بعبدا,Baabda,5,جبل لبنان,Mount Lebanon
وردانيه,53000,الشّوف,Ech Chouf,5,جبل لبنان,Mount Lebanon
ورهانية,53000,الشّوف,Ech Chouf,5,جبل لبنان,Mount Lebanon
وزاني,63000,مرجعيون,Marjaayoun,6,نبطية,Nabatiyeh
وقف (البقاع الغربي),42000,البقاع الغربي,West Bekaa,4,البقاع,Bekaa
يارون (بنت جبيل),62000,بنت جبيل,Bent Jbeil,6,نبطية,Nabatiyeh
ياطر,62000,بنت جبيل,Bent Jbeil,6,نبطية,Nabatiyeh
يانوح (صور),83000,صور,Sour,8,الجنوب,South
يحفوفا,22000,بعلبك,Baalbek,2,بعلبك - هرمل,Baalbak - Hermel
يحمر,61000,النبطيّة,El Nabatieh,6,نبطية,Nabatiyeh
يحمر (البقاع الغربي),42000,البقاع الغربي,West Bekaa,4,البقاع,Bekaa
يمونة,22000,بعلبك,Baalbek,2,بعلبك - هرمل,Baalbak - Hermel
ينطا,43000,راشيّا,Rachaya,4,البقاع,Bekaa
