year,month,KADAA_ID,KADAA_AR,KADAA_EN,Topics
2020,2,11000,عكّار,Akkar,"['Therapy', '#jobs']"
2020,2,21000,الهرمل,El Hermel,"['#الكورونا', 'تعليق الطائرات القادمة', '#وزير_الصحه', '#فيروس_كورونا #نحنا_لها', 'COVID-19', 'مهدد بنقص الادوية']"
2020,2,22000,بعلبك,Baalbek,"['Medical Aid', 'healthcare services']"
2020,2,31000,بيروت,Beirut,"['#كورونا #لبنان', 'refugees', 'وزير الصحة', '#coronavirus #كورونا', '#Pregnancy #Birth', '#Cosmetics #treatment', '#Pharmaceutical #products', '#products #Cosmetics', '#كورونا #كورونا_لبنان']"
2020,2,41000,زحلة,Zahle,"['#كورونا #لبنان_ينتفض #لا_داعي_للهلع', 'first corona case']"
2020,2,42000,البقاع الغربي,West Bekaa,"['فايروس كورونا', 'كمامات', 'الصين', 'اصابات', '#كورونا_الصيني #كورونا']"
2020,2,43000,راشيّا,Rachaya,"['#لا_داعي_للهلع', '#كورونا #هلا_فبراير', '#coronawirus #كورونا #كورونا_لبنان']"
2020,2,51000,بعبدا,Baabda,"['#لا_داعي_للهلع', '#كورونا #كورونا_لبنان']"
2020,2,52000,المتن,El Meten,"['#لبنان #كورونا', 'medical marijuana', '#كورونا #لبنان', '#المصارف #الدولار', '#كورونا #COVIDー19', '#الفساد #الدولار', '#COVIDー19 #فيروس_كورونا']"
2020,2,53000,الشّوف,Ech Chouf,"['فيروس #كورونا', 'الكمامات', '#لبنان_ينتفض']"
2020,2,54000,عاليه,Aley,"['#كورونا #لبنان', 'الكورونا اجانا']"
2020,2,55000,كسروان,Kesserouane,"['#كورونا #لبنان', 'فيروس #كورونا', 'أول اصابة مؤكدة', 'وزير الصحة', 'اصابة مؤكدة بفيروس كورونا', 'حالة وحدة']"
2020,2,56000,جبيل,Jbeil,"['فيروس كورونا', '#كورونا #لبنان', 'وزير الصحة', 'الحكومة اللبنانية', '#كورونا المستجد', 'إصابة بفيروس كورونا', 'تسجيل حالة', 'وزارة الصحة', 'إصابة جديدة']"
2020,2,61000,النبطيّة,El Nabatieh,"['سجل حالات اصابات', 'corona']"
2020,2,62000,بنت جبيل,Bent Jbeil,"['school & healthcare', 'Syrian refugees', '#كورونا_لبنان #Covid_19']"
2020,2,63000,مرجعيون,Marjaayoun,"['الحكومة اللبنانية', 'فيروس #كورونا', 'سلامة اللبنانيين', 'الوقاية', 'وزارة الصحة', 'الكادر الطبي']"
2020,2,64000,حاصبيّا,Hasbaya,"['Syrian refugees', '#كورونا_لبنان', '#كورونا_لبنان #الجراد']"
2020,2,71000,طرابلس,Tripoli,"['#كورونا_لبنان', 'المدارس']"
2020,2,72000,الكورة,El Koura,"['فايروس كورونا', '#كورونا', 'تطبيق نبض', 'وزير الصحة', 'قليل المناعة', 'بوتيرة مقلقة', 'منع السفر', 'تفشي فايروس']"
2020,2,73000,زغرتا,Zgharta,"['#كورونا #لبنان', 'governmental hospitals']"
2020,2,74000,البترون,El Batroun,"['Jobs', '#Lebanon']"
2020,2,76000,بشرّي,Bcharre,"['حالات كورونا', '#كورونا corona', 'Isolation', 'isolating patients,tracing & quarantining']"
2020,2,77000,المنية-الضنّية,El Minieh-Dennieh,"['Health Services', '#Job', '#Lebanon']"
2020,2,81000,صيدا,Saida,"['#كورونا_لبنان #سكروا_المدارس', '#Corona #كورونا_لبنان', '#الدولار', 'إقفال المدارس', 'التدابير والإجراءات', '#لا_داعي_للهلع #لبنان_ينتفض #سكروا_المدارس', 'خلية أزمة صحية']"
2020,2,82000,جزّين,Jezzine,"['#Lebanon', '#Healthcare']"
2020,2,83000,صور,Sour,"['#Lebanon', '#Healthcare']"
2020,3,11000,عكّار,Akkar,"['Therapy', '#Jobs']"
2020,3,21000,الهرمل,El Hermel,"['#خليك_بالبيت #كورونا_لبنان', '#Covid_19 #Lebanon', '#خليك_في_البيت #كورونا_لبنان', '#coronavirus #Covid_19', '#الحجر_المنزلي']"
2020,3,22000,بعلبك,Baalbek,"['#فيروس_كورونا', '#كورونا #كورونا_لبنان', '#خليك_بالبيت #كورونا_لبنان', 'الرعاية الصحية']"
2020,3,31000,بيروت,Beirut,"['#كورونا #لبنان', '#خليك_بالبيت #كورونا_لبنان', 'legalise medical cannabis', 'انتشار كورونا']"
2020,3,41000,زحلة,Zahle,"['wash your hands', '#كورونا #لبنان', 'فيروس كورونا', '#COVIDー19 #كورونا_لبنان', '#خليك_بالبيت #كورونا_لبنان']"
2020,3,42000,البقاع الغربي,West Bekaa,"['تسجيل حالة', '#الكلوروكين', '#كورونا_لبنان #خليك_بالبيت']"
2020,3,43000,راشيّا,Rachaya,"['#كورونا_لبنان #كورونا', 'فيروس كورونا', '#خليك_بالبيت #الحجر_المنزلي', '#وطنك_بيتك']"
2020,3,51000,بعبدا,Baabda,"['#خليك_بالبيت #كورونا_لبنان', 'حالة الطوارئ', 'Italy']"
2020,3,52000,المتن,El Meten,"['#كورونا #لبنان', '#فيروس_كورونا #CoronaOutbreak', 'الوقاية والمعرفة', '#خليك_بالبيت #كورونا']"
2020,3,53000,الشّوف,Ech Chouf,['#كورونا #كورونا_لبنان']
2020,3,54000,عاليه,Aley,"['#كورونا_لبنان #كورونا', '#كورونا_لبنان #خليك_بالبيت', '#كورونا_لبنان #كلن_يعني_كلن', 'الحجر الصحي', '#لبنان_يثور #كورونا_لبنان']"
2020,3,55000,كسروان,Kesserouane,"['#كورونا #كورونا_لبنان', '#كورونا_لبنان #خليك_بالبيت', 'وزارة الصحة', 'فيروس كورونا', '#إعلان_حالة_الطوارىء', 'وزير الصحة', 'إصابة جديدة', 'الحجر الصحي', 'التعبئة العامة', 'الصحة اللبنانية', '#إعلان_حالة_الطوارىء #انضبوا_ببيوتكم', '#بيتك_بيحميك']"
2020,3,56000,جبيل,Jbeil,"['#كورونا #لبنان', '#فيروس_كورونا', '#خليك_بالبيت #كورونا_لبنان', 'حالة وفاة', 'إصابة جديدة', 'وزير الصحة', 'مستشفى رفيق الحريري']"
2020,3,61000,النبطيّة,El Nabatieh,"['#كورونا #كورونا_لبنان', '#كورونا_لبنان #COVIDー19', '#StayAtHome #Covid_19']"
2020,3,62000,بنت جبيل,Bent Jbeil,"['#كورونا #لبنان', '#كورونا #فيروس_كورونا', '#خليك_بالبيت #وقاية']"
2020,3,63000,مرجعيون,Marjaayoun,"['فيروس #كورونا', 'مستشفى رفيق الحريري', 'stay home']"
2020,3,64000,حاصبيّا,Hasbaya,"['#كورونا_مصر #كورونا_لبنان', '#كورونا_لبنان #كورونا_العراق #كورونا_البحرين', '#كورونا_المستجد #كورونا_في_الكويت #كورونا_مصر', '#خليك_بالبيت #كورونا_لبنان', '#صامدون #كورونا_لبنان']"
2020,3,71000,طرابلس,Tripoli,"['#كورونا #كورونا_لبنان', '#Corona #StayHome', '#خليك_بالبيت #خليك_في_البيت', 'لا داعي للهلع']"
2020,3,72000,الكورة,El Koura,"['#كورونا #كورونا_لبنان', '#خليك_بالبيت #كورونا_لبنان', 'مستشفى رفيق الحريري']"
2020,3,73000,زغرتا,Zgharta,"['#كورونا #لبنان', '#كورونا #خليك_بالبيت', '#كورونا_لبنان #فيروس_كورونا', '#سنعبر #حظر_تجول_اجباري_ينقذنا', 'انتشار الوباء', 'الحجز المنزلي']"
2020,3,74000,البترون,El Batroun,"['#كورونا #كورونا_لبنان', '#خليك_بالبيت #كورونا', 'Jobs', 'خليكن بالبيت', 'cases have increased']"
2020,3,76000,بشرّي,Bcharre,"['مستشفى رفيق الحريري', '#كورونا_لبنان #كورونا', '#خليك_بالبيت #خليك_في_البيت', '#لا_داعي_للهلع']"
2020,3,77000,المنية-الضنّية,El Minieh-Dennieh,"['#كورونا_لبنان #كورونا', '#قوتنا_في_وحدتنا', '#Covid_19', '#كورونا_لبنان #انضبوا_يلعن_اهلكم', '#خليك_بالبيت #coronavirus']"
2020,3,81000,صيدا,Saida,"['#خليك_بالبيت #كورونا_لبنان', '#سوا_منواجه #فيروس_كورونا', 'حالة وفاة', 'وزير الصحة', 'وزارة الصحة', 'حالة الطوارئ', '#خليك_بالبيت #الحجر_المنزلي']"
2020,3,82000,جزّين,Jezzine,"['فيروس كورونا', '#كورونا #كورونا_لبنان', '#كورونا_لبنان #خليك_بالبيت', '#ما_تستهتر #كورونا']"
2020,3,83000,صور,Sour,"['#كورونا #لبنان', '#كورونا #كورونا_فايروس #مدينة_صور', '#ما_تستهتر #كورونا', '#كورونا #كورونا_لبنان', '#ما_تستهتر #كورونا #كورونا_فايروس', 'فيروس كورونا', '#خليك_بالبيت #خليك_في_البيت', 'وزير الصحة', '#خليك_بالبيت #ما_تستهتر', 'وزارة الصحة']"
2020,4,11000,عكّار,Akkar,"['first Arab country', 'legalise cannabis', 'medical marijuana', '#لبنان #كورونا']"
2020,4,21000,الهرمل,El Hermel,['#Lebanon']
2020,4,22000,بعلبك,Baalbek,"['#كورونا #كورونا_لبنان', 'COVID-19']"
2020,4,31000,بيروت,Beirut,"['#كورونا #لبنان', '#كورونا_لبنان #خليك_بالبيت', 'فيروس كورونا', 'جديدة بفيروس', 'إصابة جديدة', 'medical cannabis', '#كورونا #لبنان_ينتفض']"
2020,4,41000,زحلة,Zahle,"['كورونا لبنان', 'وزارة الصحة', 'وباء كورونا', '#بالوعي_نواجه_الكورونا']"
2020,4,42000,البقاع الغربي,West Bekaa,"['الحكومة اللبنانية', '#خليك_بالبيت #كورونا_لبنان', 'التعبئة العامة', '#مش_مزحة #خليك_بالبيت #Covid_19', '#خليك_بالبيت #Covid_19', 'وزارة الصحة', '#مش_مزحة', 'مرض مش لعبة']"
2020,4,43000,راشيّا,Rachaya,"['#كوفيد_19 #خليك_بالبيت', '#كورونا_لبنان #كورونا', '#خليك_في_البيت #الحجر_المنزلي', 'بلا مسؤولية']"
2020,4,51000,بعبدا,Baabda,"['#كورونا #لبنان', '#كورونا_لبنان #كورونا', '#كورونا_لبنان #خليك_بالبيت', '#لبنان_ينتفض #لبنان', '#كلن_يعني_كلن #كورونا_لبنان #كورونا', '#خليك_بالدار #COVID2019', '#الحجر_المنزلي']"
2020,4,52000,المتن,El Meten,"['medical marijuana', '#كورونا #لبنان', '#الحجر_المنزلي', '#خليك_بالبيت #كورونا_لبنان']"
2020,4,53000,الشّوف,Ech Chouf,"['#كورونا #لبنان', 'وزارة الصحة', 'فيروس #كورونا', 'اجمالي الإصابات', 'إصابة جديدة']"
2020,4,54000,عاليه,Aley,"['#كورونا #لبنان', '#StayAtHome #StayHome', '#كورونا_لبنان #Covid_19', '#الحجر_المنزلي #خليك_بالبيت']"
2020,4,55000,كسروان,Kesserouane,"['#كورونا #لبنان', 'وزارة الصحة', 'وزير الصحة', '#خليك_بالبيت #كورونا_لبنان', 'التعبئة العامة', '#StayHome #StaySafe', 'اصابات جديدة', 'وزير الداخلية', '#خليك_واعي #لبنان']"
2020,4,56000,جبيل,Jbeil,"['#كورونا #لبنان', 'إصابات جديدة', '#وزارة_الصحة']"
2020,4,61000,النبطيّة,El Nabatieh,"['#كورونا #لبنان', 'medical cannabis', '#Covid_19 #كورونا', '#خليك_بالبيت #كورونا_لبنان', '#الحيوانات_لا_تنقل_العدوى #كورونا_لبنان', 'الحجر المنزلي']"
2020,4,62000,بنت جبيل,Bent Jbeil,['#كورونا_لبنان #خليك_بالبيت #وطنك_بيتك #كورونا']
2020,4,63000,مرجعيون,Marjaayoun,"['#كورونا #لبنان', '#COVID19 #Lebanon']"
2020,4,64000,حاصبيّا,Hasbaya,['#كورونا #لبنان']
2020,4,71000,طرابلس,Tripoli,"['طرابلس', '#StayHome #StayAtHome', '#خليك_بالبيت #كورونا', '#كورونا #لبنان', 'اسواق طرابلس اليوم', '#Corona #StayHome', 'التزام تام']"
2020,4,72000,الكورة,El Koura,"['#كورونا #لبنان', 'حالات جديدة', '#لبنان_ينتفض #كورونا_لبنان', '#خليك_بالبيت #كورونا_لبنان', 'وزير الصحة', 'وزارة الصحة']"
2020,4,73000,زغرتا,Zgharta,"['القعدة بالبيت', 'كورونا لبنان']"
2020,4,74000,البترون,El Batroun,"['#خليك_بالبيت\u2069 \u2067#كورونا_لبنان', '#كورونا #لبنان']"
2020,4,76000,بشرّي,Bcharre,"['#كورونا #لبنان', '#خليك_في_البيت', '#بشرّي']"
2020,4,77000,المنية-الضنّية,El Minieh-Dennieh,"['#كورونا #كورونا_لبنان', 'Syrian refugees', 'وفاة جديدة']"
2020,4,81000,صيدا,Saida,"['#كورونا_لبنان #كورونا', 'القعدة بالبيت', '#كورونا_لبنان #خليك_بالبيت', 'وزير الداخلية', 'وزير الصحة', 'الحجز المنزلي']"
2020,4,82000,جزّين,Jezzine,"['#خليك_بالبيت #كورونا', 'medical cannabis']"
2020,4,83000,صور,Sour,"['#كورونا #لبنان', '#كورونا_فايروس #مدينة_صور', '#ما_تستهتر #كورونا #كورونا_فايروس', '#كورونا_لبنان #خليك_في_البيت', '#حمد_حسن #كورونا_لبنان']"
2020,5,11000,عكّار,Akkar,['#كورونا #لبنان']
2020,5,21000,الهرمل,El Hermel,['#كورونا #لبنان']
2020,5,22000,بعلبك,Baalbek,"['#كورونا #كورونا_لبنان', 'medical marijuana']"
2020,5,31000,بيروت,Beirut,"['#خليك_بالبيت #كورونا', '#كورونا #لبنان', 'وزارة الصحة', 'اصابات جديدة']"
2020,5,41000,زحلة,Zahle,"['#كورونا #كورونا_لبنان', 'وعي الشعب', 'حالات الجديدة', 'COVID-19 cases']"
2020,5,42000,البقاع الغربي,West Bekaa,"['الحكومة الجديدة', '#كورونا #لبنان_ينتقض']"
2020,5,43000,راشيّا,Rachaya,"['إدارة الكوارث', 'شفاء جديدة', '#كورونا_لبنان #كوفيد_19', 'الإلتزام بالتدابير', '#كورونا_لبنان #كوفيد_19 #الجيش_اللبناني']"
2020,5,51000,بعبدا,Baabda,"['#كورونا_لبنان #كورونا', 'وزير التربية', '#كورونا_لبنان #خليك_بالبيت', 'وزارة الصحة', 'وزير الصحة']"
2020,5,52000,المتن,El Meten,"['medical marijuana', '#كورونا #لبنان', '#خليك_بالبيت #كورونا_لبنان', 'وزارة الصحة', '#الحجر_المنزلي']"
2020,5,53000,الشّوف,Ech Chouf,"['#كورونا #لبنان', 'medical marijuana', '#marijuana #weed', 'فيروس #كورونا', '#خليك_بالبيت #كورونا_لبنان']"
2020,5,54000,عاليه,Aley,"['#كورونا #لبنان', 'medical marijuana', '#لبنان_ينتفض #كورونا_لبنان', '#ومضة #كورونا_لبنان']"
2020,5,55000,كسروان,Kesserouane,"['إصابة جديدة', 'وزارة الصحة', '#كورونا #لبنان', 'وزارة الصحة', 'وزير الصحة', '#خليك_بالبيت #كورونا_لبنان', 'فتح البلد', 'الموجة الثانية', 'وفاة جديدة']"
2020,5,56000,جبيل,Jbeil,"['#فيروس_كورونا', 'إصابة جديدة', '#كورونا #لبنان', '#وزارة_الصحة', '#كورونا #خليك_بالبيت', 'التعبئة العامة']"
2020,5,61000,النبطيّة,El Nabatieh,['#كورونا #كورونا_لبنان']
2020,5,62000,بنت جبيل,Bent Jbeil,"['التقرير اليومي', '#كورونا_لبنان #خليك_بالبيت #وطنك_بيتك #كورونا', '#لبنان']"
2020,5,63000,مرجعيون,Marjaayoun,"['COVID-19 Pandemic', '#كورونا #كورونا_لبنان', '#خليك_بالبيت #كورونا_لبنان']"
2020,5,64000,حاصبيّا,Hasbaya,"['#كورونا #لبنان', 'الصليب الأحمر', 'عودة اللاجئين', '#لبنان #لبنان_ينتفض']"
2020,5,71000,طرابلس,Tripoli,['#كورونا_لبنان #لبنان']
2020,5,72000,الكورة,El Koura,"['#كورونا #لبنان', 'وزارة الصحة', 'إصابات جديدة', 'فايروس كورونا', '#الحجر_المنزلي']"
2020,5,73000,زغرتا,Zgharta,['لبنان']
2020,5,74000,البترون,El Batroun,"['#خليك_بالبيت\u2069 \u2067#كورونا_لبنان', 'COVID-19 daily report', 'COVID-19 cases']"
2020,5,76000,بشرّي,Bcharre,"['medical marijuana', '#كورونا #كورونا_لبنان', 'تعبئة عامة', '#لبنان']"
2020,5,77000,المنية-الضنّية,El Minieh-Dennieh,"['Syrian refugees', 'إصابات جديدة', 'الموجة الثانية', 'وزير الداخلية', '#كورونا_لبنان', 'وزارة الصحة']"
2020,5,81000,صيدا,Saida,"['وزير الداخلية', 'فيروس كورونا', '#كورونا_لبنان #لبنان', 'انتشار الوباء', 'الحجر', 'الجامعة اللبنانية', '#بتضامننا_ننجح #كورونا_لبنان #لبنان']"
2020,5,82000,جزّين,Jezzine,"['Syrian refugees', '#كورونا #لبنان', 'medical marijuana', '#كورونا #كورونا_لبنان', '#خليك_بالبيت #كورونا_لبنان', '#كورونا_فايروس']"
2020,5,83000,صور,Sour,"['#كورونا #لبنان', '#مدينة_صور #جنوب_لبنان', 'أرقام قياسية', '#بلا_مخ #كورونا_لبنان', 'إرتفاع نسبة الاصابات']"
2020,6,11000,عكّار,Akkar,"['#كورونا #لبنان', 'Lebanon']"
2020,6,21000,الهرمل,El Hermel,"['medical marijuana', 'كورونا']"
2020,6,22000,بعلبك,Baalbek,"['#كورونا #كورونا_لبنان', '#CoronaVirusUpdate: #Lebanon', 'Syrian refugees', '#Covid_19 cases', '#COVID19 #stayathome', '#stayathome #staysafe', '#online #COVID19']"
2020,6,31000,بيروت,Beirut,"['#كورونا #لبنان', 'إصابة جديدة', 'فيروس كورونا', '#coronavirus #كورونا']"
2020,6,41000,زحلة,Zahle,"['#MiddleEast #كورونا', 'أزمة كورونا']"
2020,6,42000,البقاع الغربي,West Bekaa,"['#لبنان_ينتقض', '#كورونا', 'الحكومة الجديدة']"
2020,6,43000,راشيّا,Rachaya,"['وزارة الصحة', '#كورونا #لبنان', 'إصابات جديدة', '#لبنان_ينهار']"
2020,6,51000,بعبدا,Baabda,"['#كورونا #لبنان', '#فيروس_كورونا #لبنان', '#لبنان_ينتفض', '#فيروس_كورونا']"
2020,6,52000,المتن,El Meten,"['medical marijuana', '#كورونا #لبنان']"
2020,6,53000,الشّوف,Ech Chouf,"['medical marijuana', '#كورونا #لبنان', '#weed #marijuana']"
2020,6,54000,عاليه,Aley,"['#كورونا #لبنان', '#لبنان_ينتفض', '#الدولار']"
2020,6,55000,كسروان,Kesserouane,"['وزارة الصحة', 'الصحة العالمية', 'إصابات جديدة', '#كورونا #لبنان', '#كوفيد١٩ #ڤيروس', '#وباء #العالم', 'موجة ثانية']"
2020,6,56000,جبيل,Jbeil,"['#وزارة_الصحة', '#فيروس_كورونا', '#كورونا #لبنان', 'حالة وفاة', 'إصابات جديدة', '#كورونا']"
2020,6,61000,النبطيّة,El Nabatieh,"['قرار المفرد والمجوز', '#كورونا_لبنان', '#بلا_مخ']"
2020,6,62000,بنت جبيل,Bent Jbeil,"['لفيروس كورونا', '#كورونا_لبنان #خليك_بالبيت #وطنك_بيتك #كورونا', '#كورونا #لبنان']"
2020,6,63000,مرجعيون,Marjaayoun,"['ازمة كورونا', '#كورونا #كورونا_لبنان']"
2020,6,64000,حاصبيّا,Hasbaya,"['medical students', '#كورونا #لبنان', '#انضبوا', 'online', 'كورونا']"
2020,6,71000,طرابلس,Tripoli,"['#كورونا_لبنان #كورونا #كوفيد_19', 'وزارة الصحة', 'إصابة جديدة', 'وزير التربية', 'تعوا عالجامعة', 'امتحانات', '#فيروس_كورونا #كورونا_لبنان #كورونا']"
2020,6,72000,الكورة,El Koura,"['بفيروس كورونا', 'إصابات جديدة', 'إصابات جديدة بفيروس', '#كلن_يعني_كلن #كورونا_لبنان', '#كورونا_لبنان #لبنان_ينتفض', '#كورونا #لبنان', 'معايير السلامة']"
2020,6,73000,زغرتا,Zgharta,"['#كورونا #لبنان', '#كورونا #لبنان #الله_الحامي', 'full lockdown', 'فيروس كورونا']"
2020,6,74000,البترون,El Batroun,"['COVID-19', 'COVID-19 cases']"
2020,6,76000,بشرّي,Bcharre,"['Lebanon', '#كورونا']"
2020,6,77000,المنية-الضنّية,El Minieh-Dennieh,['#كورونا #لبنان']
2020,6,81000,صيدا,Saida,"['اصابات بين مقيمين والوافدين', 'التباعد اجتماعي', '#كورونا_لبنان', 'الصحة العالمية']"
2020,6,82000,جزّين,Jezzine,"['medical marijuana', 'Lebanon', 'Syrian refugees', 'Benefits of Cannabis']"
2020,6,83000,صور,Sour,"['#كورونا #لبنان', '#لبنان', '#لبنان_ينتقض', '#لبنان #لبنان_يثور', '#كورونا #Covid_19 #COVIDIDIOTS', 'التباعد الاجتماعي', '#كورونا #لبنان #الله_الحامي']"
2020,7,11000,عكّار,Akkar,['#كورونا #لبنان']
2020,7,21000,الهرمل,El Hermel,"['Coronavirus', '#فيروس_كورونا', '#COVID19']"
2020,7,22000,بعلبك,Baalbek,"['#كورونا #كورونا_لبنان', 'إصابة جديدة', '#Covid_19 cases']"
2020,7,31000,بيروت,Beirut,"['#كورونا #لبنان', 'إصابة جديدة']"
2020,7,41000,زحلة,Zahle,"['#كورونا #لبنان', '#خليك_بالبيت #كورونا_لبنان', '#وزير_الصحه #وزارة_الصحة']"
2020,7,42000,البقاع الغربي,West Bekaa,"['#لبنان_ينتقض', '#كورونا']"
2020,7,43000,راشيّا,Rachaya,"['#كورونا #فيروس_كورونا', '#فيروس_كوفيد19', '#لبنان', 'اصابات جديدة بكورونا']"
2020,7,51000,بعبدا,Baabda,"['#كورونا #لبنان', 'فيروس كورونا', '#كورونا #لبنان_يحتضر', '#لبنان_ينهار #لبنان', 'وزارة الصحة']"
2020,7,52000,المتن,El Meten,"['Medical Marijuana', 'Legalize Medical Marijuana', '#كورونا #لبنان', '#كورونا #لبنان_ينهار']"
2020,7,53000,الشّوف,Ech Chouf,"['medical marijuana', 'Lebanon']"
2020,7,54000,عاليه,Aley,"['بفايروس #كورونا', '#كورونا #كورونا_لبنان', '#لبنان_ينطفئ #لبنان_يجوع #لبنان_يموت', '#ربطة_الخبز #لبنان #كورونا#لبنان_ينهار', '!#شو_ناطرين', '#لبنان__ينتفض']"
2020,7,55000,كسروان,Kesserouane,"['#كورونا #لبنان', 'وزير الصحة', 'وزارة الصحة', 'الصحة العالمية', 'إصابة جديدة', '#الدولار #Covid_19']"
2020,7,56000,جبيل,Jbeil,"['Syrian refugee', '#كورونا #لبنان', 'إصابة جديدة']"
2020,7,61000,النبطيّة,El Nabatieh,['#كورونا #لبنان']
2020,7,62000,بنت جبيل,Bent Jbeil,"['كوفيد -19', 'التقرير اليومي', '#كورونا_لبنان #خليك_بالبيت #وطنك_بيتك #كورونا']"
2020,7,63000,مرجعيون,Marjaayoun,"['وزارة الصحة', '#لبنان #لبنان_ينهار #استقيلوا_يا_فاشلين', '#كورونا', '#لا_داعي_للهلع', '#كورونا #لبنان']"
2020,7,64000,حاصبيّا,Hasbaya,"['#كورونا', '#كورونا_لبنان #كورونا #وزير_الصحة_القوي', 'Hamad_hassan']"
2020,7,71000,طرابلس,Tripoli,"['#كورونا_لبنان', '#الأمم_المتحدة']"
2020,7,72000,الكورة,El Koura,"['#كورونا', '#كورونا_لبنان', '#لبنان', '#coronavirus', 'إصابة بفيروس #كورونا']"
2020,7,73000,زغرتا,Zgharta,"['#COVID19 #Lebanon', '#كورونا #لبنان', '#COVID19 #healthNERDS', 'أعراض فايروس كورونا']"
2020,7,74000,البترون,El Batroun,"['فيروس كورونا', 'وزارة الصحة', '#كورونا #لبنان', 'COVID-19']"
2020,7,76000,بشرّي,Bcharre,"['#كورونا #لبنان', 'Lebanon:']"
2020,7,77000,المنية-الضنّية,El Minieh-Dennieh,"['covid19', 'كورونا']"
2020,7,81000,صيدا,Saida,"['فيروس #كورونا', 'إصابة جديدة', 'وزارة الصحة']"
2020,7,82000,جزّين,Jezzine,"['Syrian refugees', 'medical #cannabis', 'legalizing medical #cannabis']"
2020,7,83000,صور,Sour,"['#كورونا_لبنان', '#Covid_19', '#Lebanon']"
2020,8,11000,عكّار,Akkar,"['كورونا كورونا_لبنان', 'medical supplies', 'beirut lebanon', 'economical crisis', 'emergency medical']"
2020,8,21000,الهرمل,El Hermel,"['كورونا لبنان', 'الصحة العالمية']"
2020,8,22000,بعلبك,Baalbek,"['كورونا كورونا_لبنان', 'record breaking', 'covid_19 cases lebanon']"
2020,8,31000,بيروت,Beirut,"['medical supplies', 'كورونا لبنان', 'medical relief', 'beirut lebanon', 'emergency medical', 'beirut explosion', 'لبنان بيروت', 'medical aid lebanon']"
2020,8,41000,زحلة,Zahle,"['medical supplies', 'كورونا لبنان', 'كلن_يعني_كلن كورونا_لبنان', 'wear masks', 'lebanon beirutblast', 'medical relief', 'lebanonexplosion']"
2020,8,42000,البقاع الغربي,West Bekaa,"['medical supplies', 'تسكير البلد', 'lebanon relief', 'devastating explosion', 'explosion beirut']"
2020,8,43000,راشيّا,Rachaya,"['كورونا_لبنان كوفيد_19', 'وزارة الصحة', 'كورونا_لبنان حمد_حسن وزير_الصحة', 'سكروا البلد احسن']"
2020,8,51000,بعبدا,Baabda,"['medical supplies', 'كورونا لبنان', 'beirut lebanon', 'وزير الصحة', 'support lebanon', 'beirut explosion', 'كورونا لبنان_ينتفض', 'medical aid', 'وصلنا شفير الهاوية']"
2020,8,52000,المتن,El Meten,['كورونا لبنان']
2020,8,53000,الشّوف,Ech Chouf,"['كورونا لبنان', 'medical supplies', 'لبنان انفجار_المرفأ', 'لبنان يعلن الإغلاق', 'field hospital beirut']"
2020,8,54000,عاليه,Aley,"['medical aid', 'aid lebanon', 'كورونا لبنان', 'humanitarian aid', 'medical supplies', 'emergency medical', 'medical food', 'israel offers medical', 'lebanon response silence', 'كورونا_لبنان خليك_بالبيت وطنك_بيتك']"
2020,8,55000,كسروان,Kesserouane,"['كورونا لبنان', 'medical supplies', 'الشعب اللبناني', 'وزارة الصحة', 'support troubled country', 'macron traveling lebanon']"
2020,8,56000,جبيل,Jbeil,"['كورونا لبنان', 'حالات وفاة', 'وزارة الصحة', 'إصابات جديدة', 'لبنان بيروت', 'humanitarian aid']"
2020,8,61000,النبطيّة,El Nabatieh,"['كورونا لبنان', 'انتشار فيروس كورونا', 'medical equipment', 'كورونا_لبنان القطاع_الطبي', 'زينب حيدر كورونا_لبنان', 'الممرضة زينب حيدر', 'للشهيدة الممرضة زينب']"
2020,8,62000,بنت جبيل,Bent Jbeil,"['covid increasing', 'new cases', 'كورونا_لبنان lebanon']"
2020,8,63000,مرجعيون,Marjaayoun,"['كورونا لبنان', 'medical aid', 'humanitarian aid', 'aid relief', 'اصابات جديدة']"
2020,8,64000,حاصبيّا,Hasbaya,"['كورونا لبنان', 'التزم بالاجراءات', 'ارتدي الكمامة', '#كون_واعي']"
2020,8,71000,طرابلس,Tripoli,"['فيروس كورونا', 'إصابة جديدة', 'ليرتفع إجمالي الاصابات', 'تسجيل إصابة']"
2020,8,72000,الكورة,El Koura,"['مختبر كورونا', 'وزارة الصحة', 'مستشفى الهراوي', 'جائحة كورونا', 'زحلة تتحدى']"
2020,8,73000,زغرتا,Zgharta,"['كورونا لبنان', 'medical supplies', 'كورونا كورونا_لبنان', 'beirut lebanon', 'beirut port', 'explosion lebanon', 'إعلان التعبئة العامة', 'استثنيت المنتجعات السياحية']"
2020,8,74000,البترون,El Batroun,"['كورونا لبنان', 'medical supplies', 'كورونا_لبنان كورونا', 'beirut explosion', 'medical aid', 'lebanon needs help', 'affected blast beirut']"
2020,8,76000,بشرّي,Bcharre,"['كورونا لبنان', 'كورونا لبنان_منكوب', 'medical aid']"
2020,8,77000,المنية-الضنّية,El Minieh-Dennieh,"['كورونا لبنان', 'التعبئة العامة', 'بدأ السيناريو السيئ', 'المخالطين التزام الحجر']"
2020,8,81000,صيدا,Saida,"['كورونا لبنان', 'وزارة الصحة', 'فيروس كورونا', 'aid lebanon', 'medical supplies lebanon']"
2020,8,82000,جزّين,Jezzine,"['medical supplies', 'كورونا لبنان', 'وزير الصحة اللبناني']"
2020,8,83000,صور,Sour,"['كورونا لبنان', 'medical supplies', 'المخيمات_تواجه_كورونا لبنان', 'الوقائية مخيم_برج_الشمالي']"
2020,9,11000,عكّار,Akkar,"['كورونا لبنان', 'إرتفاع متواصل', '#وعيك_امانه', 'كورونا سجن_رومية', 'االخطر رومية', 'أمامنا أوقات صعبة']"
2020,9,21000,الهرمل,El Hermel,['كورونا_لبنان']
2020,9,22000,بعلبك,Baalbek,"['كورونا كورونا_لبنان', 'covid cases', 'new cases']"
2020,9,31000,بيروت,Beirut,"['كورونا لبنان', 'لبنان بيروت', 'وزارة الصحة']"
2020,9,41000,زحلة,Zahle,"['نلبس كمامة', 'كورونا_لبنان', 'covid_19 lebanon', 'فحص pcr كورونا_لبنان']"
2020,9,42000,البقاع الغربي,West Bekaa,['كورونا لبنان']
2020,9,43000,راشيّا,Rachaya,['كورونا لبنان']
2020,9,51000,بعبدا,Baabda,['كورونا لبنان']
2020,9,52000,المتن,El Meten,"['كورونا لبنان', 'وفيات', 'وزارة_الصحة اللبنانية', 'إصابات جديدة']"
2020,9,53000,الشّوف,Ech Chouf,"['كورونا لبنان', 'الكمامة', 'كورونا_لبنان ما_تستهتر']"
2020,9,54000,عاليه,Aley,"['وزارة الصحة', 'كورونا_لبنان خليك_بالبيت', 'وطنك_بيتك كورونا']"
2020,9,55000,كسروان,Kesserouane,"['كورونا لبنان', 'إصابة حارس النجمة', 'سد_بسري covid_19', 'التعبئة_جلطتتني كورونا_لبنان وزير_الداخلية', 'كورونا_لبنان وزير_الداخلية وزير_الصحه']"
2020,9,56000,جبيل,Jbeil,"['حالات وفاة', 'كورونا لبنان', 'وزارة الصحة', 'إصابات جديدة', 'فيروس كورونا', 'فيروس_كورونا خليك_بالبيت']"
2020,9,61000,النبطيّة,El Nabatieh,"['كوڤيد_١٩ لبنان', 'aubmc اللجنة_الوطنية_للكورونا_والحمل', 'الحوامل كوڤيد_١٩', 'لإصابات الحوامل']"
2020,9,62000,بنت جبيل,Bent Jbeil,"['covid cases', 'covid increasing', 'التعليم', 'إجراءات الوقاية']"
2020,9,63000,مرجعيون,Marjaayoun,"['وزارة الصحة', 'اصابة جديدة', 'كورونا_لبنان فيروس_كورونا']"
2020,9,64000,حاصبيّا,Hasbaya,"['كورونا لبنان', 'غلطة المستهتر', 'إصابة كورونا', 'للهلع hamad_hassan20']"
2020,9,71000,طرابلس,Tripoli,"['كورونا لبنان', 'فيروس كورونا', 'تسجيل وفاة', 'الوقاية_ثم_الوقاية_ثم_الوقاية كورونا']"
2020,9,72000,الكورة,El Koura,['كورونا لبنان كفتون']
2020,9,73000,زغرتا,Zgharta,"['الكمامة', 'وعي_المواطن']"
2020,9,74000,البترون,El Batroun,"['كورونا لبنان', 'corona virus', 'daily brief', 'لبنان_منكوب لبنان_الى_اين', 'ارتفاع متواصل']"
2020,9,76000,بشرّي,Bcharre,['كورونا لبنان']
2020,9,77000,المنية-الضنّية,El Minieh-Dennieh,"['كورونا كورونا_لبنان', 'خلية الازمة', 'تسجيل اصابات', 'تعليق صلاة الجمعة']"
2020,9,81000,صيدا,Saida,"['كورونا لبنان', 'إصابة جديدة', 'وزارة الصحة', 'معا_نعزل_كورونا']"
2020,9,82000,جزّين,Jezzine,"['كورونا لبنان', 'علاج كورونا بالبلازما', 'الجيش اللبناني']"
2020,9,83000,صور,Sour,"['فيروس كورونا', 'إصابة جديدة', 'وزارة_الصحة', 'كورونا covid_19', 'إكتشاف إصابتين', 'إقفال #الصندوق_الوطني_للضمان_الإجتماعي']"
