section-result-title,cards-rating-score,section-result-num-ratings,section-result-details,section-result-info,section-result-location,section-result-info 2
La Babiole wedding cards,4.8,(9),Wedding service,Closed today,,
Polygon wedding furniture,5.0,(2),Wedding service,Closed today,Kaslik,
Splend' Or,4.5,(30),Wedding venue,Closing soon: 11:30 PM,Amioun - Ehden Rd,
Jardin Des Lys,4.2,(82),Wedding venue,,,
Hanna StarLand (Gymasum and Sports club),5.0,(2),Wedding venue,,,Closed today
Platane Wedding Venue North Lebanon,5.0,(4),Wedding venue,,,
The Forest Venue Mar Challita Jouret el Termos,4.3,(37),Wedding venue,,Ghedres,
7eme ciel,4.7,(14),Wedding venue,,,
Jewelz wedding cars,5.0,(2),Wedding service,,,
Moses'garden,5.0,(1),Wedding venue,,,
L'heritage Venue,4.5,(2),Wedding venue,,Nahr El Kalb,
Pascal Azar Photography,5.0,(5),Wedding photographer,Closed today,,
Lavender Ville Wedding Venue,4.0,(23),Event venue,,,
أزهار الوسيم,4.1,(13),Wedding planner,Closed,"العبده, مفرق المحمره",Opens at 9:00 AM
Le Clos De Faqra,4.3,(80),Wedding venue,,Kfardebian,
Villa Chambour,4.3,(27),Wedding venue,,,
صالة أفراح مطل القمر,4.6,(12),Wedding venue,,,Closed today
BridaLeb,4.4,(283),Wedding planner,,,
I deal events S. A. R. L,5.0,(13),Wedding planner,Closed today,,
Vol D'oiseau,4.2,(318),Wedding venue,Opens at 8:00 AM,,Closed
Eternity Hamat Village,5.0,(1),Wedding venue,,,Closed today
Fasatine,5.0,(2),Wedding dress rental service,Closed today,,
Studiocarre by Claude Fadel,5.0,(1),Wedding photographer,Closed today,jounieh,Closing soon: 11:30 PM
PRO DJ Group By Ahmad Karakira,5.0,(1),Wedding planner,Closed,,Opens at 9:00 AM
Jupiter,4.8,(16),Wedding venue,,Bnachii,Closed today
Crystal Ballroom,5.0,(4),Wedding venue,,,
Roche doree,3.9,(88),Wedding venue,,,
GK WEDDING,5.0,(1),Event venue,,,
Jardin Des Roches,4.5,(6),Wedding venue,,,
Light Photo - Adonis,4.8,(24),Wedding photographer,Closed today,Zouk Mosbeh,
Studio Georges Abi Rached,4.6,(5),Wedding photographer,Closed today,,
Jardin D'eden,4.1,(21),Wedding venue,,,Closed today
River Garden,4.0,(23),Wedding venue,,,
Venezia Gardens,3.3,(141),Wedding venue,Closed,Faitroun,Opens at 8:00 AM
Al Masaya Wedding Hall,3.6,(40),Wedding planner,,Tripoli,Open until 1:00 AM
Art Studio - Dany Lahoud - Zouk Mosbeh,4.8,(9),Wedding photographer,Closed today,Zouq Mosbeh - Aajaltoun Rd,
Plaza Palace,3.9,(142),Wedding venue,Closed,,Opens at 10:00 AM
Leylandii,3.8,(4),Wedding venue,,,Open until 3:00 AM
The History Wedding Venue,4.3,(44),Wedding venue,,,Closed today
mswr,3.8,(9),Wedding photographer,Closed today,Mina Tripoli,Opens at 8:00 AM
Studio Magic Star,3.7,(3),Wedding photographer,Closed today,Tripoli,
Villa De Las Flores,5.0,(8),Wedding venue,,,Closed today
KFARSAMA,5.0,(3),Wedding venue,Closing soon: 11:30 PM,,Closed today
Studio Yehya,5.0,(6),Wedding photographer,Opens at 9:00 AM,,Closed
L’heritage Venue,4.1,(21),Wedding venue,,,Closed today
CheezStudios,4.7,(20),Wedding photographer,Closed today,Tripoli,
Mahmoud merhi photography,3.9,(88),Wedding photographer,Closed,Tripoli,Opens at 9:00 AM
Cakes by Hassan,3.5,(2),Wedding bakery,,Sidon,
Rimage bridal,4.5,(6),Bridal shop,Closed today,Byblos,
Photogenic Productions,4.8,(5),Wedding photographer,Closed today,Amioun,
Pro-Tech Studio,5.0,(1),Wedding photographer,Closed today,Halat,
Arnaoon Village,4.4,"(1,356)",Event venue,,Batroun,Closed today
Weddings 4 Life,4.3,(3),Wedding planner,Closed today,Antelias,
La Carterie,4.4,(72),Wedding store,Closed today,Adonis,Opens at 8:00 AM
Jardin De Vie,4.2,(109),Garden,Closed today,Main Road Mastita,Open until 1:00 AM
Parimel wedding gowns,5.0,(2),Clothing store,,Ghazir,Closed today
Jose Daou photographer,4.3,(11),Photographer,Closed today,Jounieh,Opens at 10:00 AM
Kristie's,5.0,(1),Event planner,Closed today,"Adma, Main Street Sayamer Center 2nd floor",Open until 3:00 AM
Secret Gardens -Ras Maska,4.7,(85),Wedding service,Closed,,Opens at 9:00 AM
Maison LESLEY,4.8,(35),Bridal shop,Closed today,Jounieh,Opens at 8:00 AM
Afrah Group,4.2,(13),Wedding planner,Closed today,,
Dj Satoof. Gifts & Joy,5.0,(1),Wedding planner,Closed,,Opens at 9:00 AM
Nada Nassar Bassim,4.0,(15),Bridal shop,Closed today,Nahr El Kalb Zouk Mosbeh,Closing soon: 11:30 PM
Rahi Wedding Cars,5.0,(6),Wedding planner,Closed today,,Opens at 9:00 AM
Yara Estephan Weddings & Events,4.1,(21),Corporate office,Closed today,,
Weddings 4 Life,4.0,(4),Wedding planner,Closed today,,
Snow White Fashion - Wedding Dresses,3.6,(18),Clothing store,Closed today,,Opens at 9:00 AM
DREAMGROUPAGENCY,3.0,(1),Wedding planner,,,
White Wedding & Event Planners,4.5,(6),Wedding planner,Closed today,Beirut,
Studio Six and Nine,4.9,(7),Wedding photographer,Closed today,lebanon,
C wedding car,3.0,(2),Wedding planner,Closed today,Matn Express Hwy,
Wedding Planner Cyprus,5.0,(9),Wedding planner,,1072150,Closed today
"Moments Forever | Best Wedding and Event Planners and Designers Beirut, Lebanon",4.7,(15),Wedding planner,Closed today,"Horsh Tabet, Beirut",
ستيديو عكار - Studio Akkar,4.4,(12),Wedding photographer,Closed today,Aabdeh,Opens at 8:00 AM
ستيديو السعدي,4.2,(109),Wedding photographer,Closed today,مفرق برقايل، Aabdeh - Halba Rd,Open until 1:00 AM
Wow Wedding,4.0,(1),Wedding planner,Closed,,Opens at 9:00 AM
Grand Rennaissance Venue Hall,5.0,(1),Wedding venue,Opens at 10:00 AM,Beirut,Closed today
Saveurs Du Monde,4.7,(17),Caterer,Closed today,Byblos,Open until 3:00 AM
Le Royal Hotel Beirut,4.4,"(1,695)",5-star hotel,Opens at 9:00 AM,,Closed
ستيديو عكار 2 - Studio Akkar 2,5.0,(4),Wedding photographer,Closed,,Opens at 8:00 AM
The Legend,4.2,(178),Event venue,,,Closed today
Imad Maalouf Photography,5.0,(1),Wedding photographer,Closed today,"Al Mustaqbal Strt , Naccache, Metn, Lebanon Naqqache",Opens at 9:00 AM
Swanlake Venue,4.5,(72),Wedding venue,Closing soon: 11:30 PM,"AL DOUAR MAR MOUSSA MOUNT LEBANON, LEBANON",Closed today
Art-Monit,4.3,(8),Wedding planner,Closed today,,Opens at 9:00 AM
Lamasat Events Organizing,4.1,(21),Wedding planner,Closed,"baalback beqaa,talia",Opens at 9:00 AM
Classic Wedding Cars,4.0,(4),Wedding service,,Salhab streed behind cinema Odeon Antelias,Closed today
ASMA Wedding Planner,4.5,(4),Wedding planner,Opens at 9:00 AM,,Closed today
وليد لكافة الخدمات و العرائس,3.0,(1),Wedding service,,,
wedding Photography and videography,4.5,(6),Wedding photographer,,,Closed today
Tahanina Wedding Planner,5.0,(1),Wedding planner,Closed,"Beirut, Jdeideh Center Maalouf, 2nd floor, Bakkata",Opens at 9:00 AM
Boutros Wedding,2.6,(13),Wedding planner,,,Closed today
Maurice salloum - new office,5.0,(9),Wedding planner,Closed today,,
Weddinngs in Cyprus by Maisy,4.7,(15),Wedding planner,,Youssef El Hayek,Closed today
Once For Life / Event & Wedding Planner,4.4,(12),Wedding planner,Opens at 8:00 AM,Beirut,Closed today
The Pearl,4.0,(6),Wedding planner,Closed today,Beirut,Open until 1:00 AM
Danza Group,4.0,(1),Wedding planner,Opens at 9:00 AM,,Closed
bella wedding cards,4.4,(10),Wedding service,Opens at 10:00 AM,Beirut,Closed today
Jad Mourani Wedding Planner Chocolate,4.7,(17),Wedding planner,Open until 3:00 AM,,Closed today
Chapelle Saint Joseph,5.0,(5),Wedding chapel,Opens at 9:00 AM,,Closed
Maurice Salloum,5.0,(4),Wedding planner,Closed today,,Opens at 8:00 AM
The Legend,4.2,(178),Event venue,,,Closed today
Imad Maalouf Photography,5.0,(1),Wedding photographer,Closed today,"Al Mustaqbal Strt , Naccache, Metn, Lebanon Naqqache",Opens at 9:00 AM
Swanlake Venue,4.5,(72),Wedding venue,Closing soon: 11:30 PM,"AL DOUAR MAR MOUSSA MOUNT LEBANON, LEBANON",Closed today
Art-Monit,4.3,(8),Wedding planner,Closed today,,Opens at 9:00 AM
Lamasat Events Organizing,4.1,(21),Wedding planner,Closed,"baalback beqaa,talia",Opens at 9:00 AM
Classic Wedding Cars,4.0,(4),Wedding service,,Salhab streed behind cinema Odeon Antelias,Closed today
ASMA Wedding Planner,4.5,(4),Wedding planner,Opens at 9:00 AM,,Closed today
وليد لكافة الخدمات و العرائس,3.0,(1),Wedding service,,,
wedding Photography and videography,4.5,(6),Wedding photographer,,,Closed today
Tahanina Wedding Planner,5.0,(1),Wedding planner,Closed,"Beirut, Jdeideh Center Maalouf, 2nd floor, Bakkata",Opens at 9:00 AM
Boutros Wedding,2.6,(13),Wedding planner,,,Closed today
Maurice salloum - new office,5.0,(9),Wedding planner,Closed today,,
Weddinngs in Cyprus by Maisy,4.7,(15),Wedding planner,,Youssef El Hayek,Closed today
Once For Life / Event & Wedding Planner,4.4,(12),Wedding planner,Opens at 8:00 AM,Beirut,Closed today
The Pearl,4.0,(6),Wedding planner,Closed today,Beirut,Open until 1:00 AM
Castel Mare Beach Hotel & Resort,4.0,(221),4-star hotel,Opens at 9:00 AM,,Closed
Rest Palace,4.4,(10),Wedding venue,Closed today,,Closing soon: 11:00 PM
Arli s.c.s G. Jarrache & Co. Wedding Cards,4.6,(16),Wedding service,Closed today,Forn El Chebbak,Open until 3:00 AM
Perfect Choice Wedding Cars (Showroom),5.0,(14),Wedding service,Opens at 9:00 AM,طريق الزلقا الرئيسي,Closed
R&J Wedding cards and souvenirs,5.0,(4),Wedding souvenir shop,Closed,Amchit Jbeil,Opens at 9:00 AM
"Esposa, Dbayeh",4.8,(134),Bridal shop,Closed today,,
Ouiconcept,4.5,(61),Wedding planner,Closed today,Beirut,Opens at 9:00 AM
Joycy - Wedding Car,2.0,(2),Car rental agency,Closing soon: 11:30 PM,"Jbail - Annaya Road, Hboub",Closed today
Stepswe,4.3,(6),Wedding planner,Closed today,,Opens at 9:00 AM
CONCERTO wedding hall,4.0,(13),Wedding venue,Opens at 9:00 AM,,Closed
Georges R. Abdallah Photography,5.0,(3),Wedding photographer,Opens at 9:00 AM,Beirut,Closed
Perfect Choice Wedding Cars & Events,5.0,(19),Wedding service,Closed today,Jdeideh,Opens at 9:00 AM
5W's production,4.6,(10),Photography studio,Closed today,,
Queen Flowers Chocolate Decorations,5.0,(6),Wedding planner,Closed today,,
Zaffet Al Sultan,4.8,(8),Event planner,Closed,Zouk Mosbeh,Opens at 10:00 AM
Elien Production,4.9,(7),Wedding photographer,Closed today,,
Polygon Wedding Furniture,5.0,(1),Wedding service,Closed today,Aintoura - Zahlé Rd,
wedding date,5.0,(1),Wedding planner,Closed today,,
Casino du Liban,4.2,"(2,069)",Event venue,Closed,Jounieh,Opens at 10:00 AM
Champagne Wedding Boutique,3.7,(13),Clothing store,Closed today,,Open until 1:00 AM
Olea Venue,4.2,(5),Wedding venue,Opens at 9:00 AM,,Closed
Noiva's,4.3,(50),Bridal shop,Closed today,Baouchriye,Closing soon: 11:00 PM
ROSA CLARÁ,3.7,(3),Wedding store,Closed today,Beirut,Open until 3:00 AM
Beydoun Chairs كراسي بيضون,5.0,(1),Wedding service,Closed today,Haret Hreik,Opens at 9:00 AM
Walid wedding planner,5.0,(4),Wedding planner,Closed,Old Saida Rd,Opens at 9:00 AM
"Esposa Privé, Downtown Beirut",4.9,(95),Bridal shop,Temporarily closed,Beirut,
Al Nada WeDDing,4.8,(5),Clothing store,Opens at 9:00 AM,,Closed today
The villa,4.0,(92),Event venue,Closing soon: 11:30 PM,,Closed today
Batroun Village Club,4.3,(476),Hotel,Opens at 9:00 AM,Batroun,Closed today
Ahmad Chawich Events & wedding planner,4.0,(13),Video production service,Opens at 9:00 AM,,Closed
Royal wedding cards,5.0,(2),Wedding store,Closed today,,Opens at 9:00 AM
Kazma wedding cards,4.5,(16),Wedding store,Closed today,,Opens at 9:00 AM
Villa Paradiso Batroun,4.4,(135),Event venue,,,Closed today
Cartes et Promotion,4.4,(9),Wedding service,Closed today,,
iLens production,5.0,(10),Video production service,Closed today,"Industrial Zone, Street 88, Sector 3 Michel Khoury Bldg Facing La Morena Adonis",Opens at 10:00 AM
Kazma Wedding Cards- Kazma Printing & Trading Co,4.9,(7),Wedding store,Closed today,Beirut,
The Perfect Bride,4.6,(33),Wedding dress rental service,Closed today,,
East Hall Zaidal,4.5,(2),Wedding venue,,,Closed today
Four Seasons Hotel Beirut,4.6,"(1,941)",5-star hotel,Opens at 10:00 AM,Beirut,Closed
George Lteif Photography,4.3,(18),Wedding service,Closed today,"Next to Credit Libanais, Nehme Building Dekouaneh",Open until 1:00 AM
Fairybou,2.0,(1),Bridal shop,Opens at 9:00 AM,,Closed
RABIH EDRIS Haute Couture,4.6,(20),Couture store,Closed today,,Closing soon: 11:00 PM
Palais du Mzar,4.6,(28),Historical landmark,Open until 3:00 AM,Ghazir,Closed today
"Esposa, Ramleh El Bayda",4.9,(156),Bridal shop,Opens at 9:00 AM,Beirut,Closed today
Bella Planta,3.7,(11),Wedding planner,Closed,,Opens at 8:00 AM
Waves Events,4.8,(5),Wedding planner,Closed today,Beirut,
Cleopatra Weddings & Events Venue,5.0,(1),Wedding venue,Opens at 9:00 AM,,Closed today
The Roses Garden,4.3,(8),Wedding venue,Closed today,Aley,Closing soon: 11:30 PM
Al Fares weddings & events,4.8,(5),Wedding venue,Opens at 9:00 AM,,Closed today
Adib Palace,3.7,(427),Restaurant,Closed,Reyfoun Main Road,Open until 12:00 AM
Sibahi Group,5.0,(2),Event planner,Opens at 9:00 AM,,Closed today
Manolia Flowers - Jbeil,5.0,(1),Florist,Closed,Byblos,Opens at 8:00 AM
Viore Wedding &evening Dresses,4.6,(10),Dress store,Closed today,,
Le Jardin Du Royal Restaurant,4.4,(9),Restaurant,Closed today,"Dbayeh, Le Royal Hotel 5th floor Beirut Lebanon",Closing soon: 11:30 PM
Senses Hotel & Resort,3.6,(608),4-star hotel,Opens at 10:00 AM,,Closed today
S.Y wedding dresses,5.0,(2),Clothing store,Closed today,,
KYRA VILLAGE,5.0,(1),Event venue,,"Rayfoun, Main road",Closed today
Bella Bride,4.3,(4),Bridal shop,Closed today,,
Scarbina,5.0,(1),Shoe store,Closed today,,Opens at 10:00 AM
Private wedding,4.3,(18),Wedding planner,Open until 1:00 AM,Michref street 12 Nassim Saray Damour area,Closed today
Imo Designs By Iman Azzam,5.0,(1),Women's clothing store,Closed today,,Opens at 9:00 AM
Marita bridal boutique,5.0,(1),Bridal shop,Closed today,Bikfaiya - Aintoura Rd,Closing soon: 11:00 PM
Lebanon Perfect Wedding,4.6,(28),Advertising agency,Closed today,,Open until 3:00 AM
Blanc De Chêne,4.3,(151),Restaurant,Opens at 9:00 AM,,Closed today
MystiqueRose,4.9,(8),Women's clothing store,Closed today,Koura - Kfaraaka,Opens at 8:00 AM
Georges Hobeika,4.5,(43),Haute couture fashion house,Closed today,Sin El Fil,
BURJ on BAY,4.5,(530),5-star hotel,Opens at 9:00 AM,,Closed today
Zafafek(jalloul Wedding Dress),1.0,(1),Wedding dress rental service,Closing soon: 11:30 PM,Borj Albarajneh,Closed today
Massaya Zaman Restaurant,4.0,(205),Restaurant,Closed today,,Open until 4:30 AM
solinco,5.0,(3),Marketing agency,Open until 12:00 AM,,Closed
STUDIOLIGHT5,4.4,(7),Portrait studio,Closed,,Opens at 12:00 AM
Forum de Beyrouth,4.1,(521),Event venue,Opens at 8:00 AM,,Closed
BAZ Events,5.0,(2),Event planner,Closed today,Beirut,
DAVE LEBANON D.M.C,5.0,(3),Tour agency,Closed today,,Closing soon: 11:30 PM
Technobread,3.6,(608),Bakery,Closed today,,Opens at 10:00 AM
"Ghada Blanco, Events & Weddings",5.0,(2),Event planner,,Jdeideh,Closed today
Matisse Events,5.0,(1),Event planner,Closed today,,
Narciss weddings,4.7,(7),Corporate office,,,Closed today
Kalani - Seascape Resort,4.6,(204),Public beach,Closed,,Opens at 9:30 AM
Seif Al Bahr. Restaurant,4.2,(56),Restaurant,Open until 1:00 AM,Jounieh - Beirut Hwy,Closed today
Pineland Hotel and Health Resort,4.2,(666),4-star hotel,Opens at 9:00 AM,Deir El Harf,Closed today
AURA Headpieces,4.1,(7),Fashion accessories store,Closed today,Beirut,Closing soon: 11:00 PM
Al Tawahin ( Kalaa Weddings),4.5,(66),Wedding venue,Closed,Ain Baal,Opens at 10:00 AM
"Grand Hills, a Luxury Collection Hotel & Spa, Broumana",4.4,(923),5-star hotel,Opens at 9:00 AM,Broummana,Closed today
Jalousie Pastry & Catering,4.2,(14),Wedding service,Closed today,Beirut,Opens at 8:00 AM
OverWhelming Beirut Creative Boutique,4.5,(43),Advertising agency,Closed today,Beirut,
"The Silk Valley - Hamada, Arbanieh",4.7,(11),Resort,Opens at 9:00 AM,,Closed today
Rani Itani Couture,4.6,(22),Dressmaker,Closed today,,Closing soon: 11:30 PM
THYM Studio,5.0,(9),Fashion designer,Closed today,Beirut,Open until 4:30 AM
Weplan-events,5.0,(3),Corporate office,Open until 12:00 AM,,Closed
La Pousse Verte,4.8,(5),Wedding service,Closed,Beirut,Opens at 8:30 AM
Carpet Plus,4.0,(135),Store,Closed today,,Opens at 8:00 AM
Royal wedding cards,5.0,(2),Wedding store,Closed,Damascus,Opens at 9:00 AM
VILLAGE DU CHOCOLAT,4.6,(20),Chocolate artisan,Closed today,,Closing soon: 11:30 PM
ZARA,4.2,(525),Fashion accessories store,Closed,Kaslik,Opens at 10:05 AM
Gefinor Rotana,4.3,(986),5-star hotel,,Beirut,Closed today
Krikor Jabotian,4.8,(6),Fashion designer,,,Closed today
Wide Broadcast,5.0,(5),Photography,Closed today,Beirut,
Massimo Dutti,4.1,(49),Clothing store,Closed,,Opens at 10:00 AM
Colibri Hotel & Restaurant,4.1,(228),Hotel,Open until 1:00 AM,Broumana,Closed today
Rami Kadi Maison de Couture,4.8,(6),Fashion designer,Closed today,Beirut,Opens at 9:00 AM
Lancaster Tamar Hotel,4.0,(629),4-star hotel,Closing soon: 11:00 PM,Boulevard General Emile Lahoud - Beirut beirut,Closed today
Fleurs De La Sagesse,4.3,(75),Florist,Closed,Jdeideh,Opens at 8:00 AM
Salon Michel Layoun,4.4,(26),Hairdresser,Closed today,,Opens at 9:00 AM
CMA - Charbel & Marc Adaimy Studio,4.0,(8),Photography studio,Closed today,,Opens at 8:00 AM
Skamlati,4.5,(43),Furniture rental service,,Unnamed Road,Closed today
Ma.Sa.Ha,5.0,(4),Florist,Closed today,Mansourieh,Opens at 9:00 AM
Le43 Catering,5.0,(7),Catering food and drink supplier,Closed today,,Closing soon: 11:30 PM
Studio Ramy Al Saghir,4.7,(11),Photographer,Closed today,Mansourieh,Open until 4:30 AM
FlowerZone Boutique,4.9,(13),Florist,Closed,Chalet Swiss Street,Opens at 9:00 AM
Chirak Printing & Publishing,4.8,(5),Print shop,Closed today,Bourj Hammoud,Opens at 8:30 AM
Cherry Blossom Boutique Hotel,4.3,(283),4-star hotel,Opens at 8:00 AM,Bḩamdūn,Closed today
Minotti Uomo,4.5,(2),Clothing store,Closed today,,Opens at 9:00 AM
Canali Boutique - Foch Street,3.7,(3),Men's clothing store,Closed,Beirut,Opens at 10:00 AM
Nadia Travel Hazmieh,4.2,(525),Corporate office,Closed today,Mar Elias,Opens at 10:05 AM
Tag heuer,4.5,(2),Watch store,,,Closed today
TAG HEUER BOUTIQUE BEIRUT SOUKS,4.1,(22),Watch store,,Beirut,Closed today
Janna Sur Mer Beach Resort & Hotel,4.1,"(1,043)",Beach pavillion,,Damour Sea Road Damour,Closed today
CHANEL ABC,1.0,(3),Clothing store,Closed,Beirut,Opens at 10:00 AM
Bottega Veneta,4.1,(228),Boutique,Closed,Beirut,Opens at 10:00 AM
Cartier,4.9,(29),Jewelry store,Closed today,Beirut,Opens at 9:00 AM
Dior,3.9,(8),Clothing store,Closed,Beirut,Opens at 10:00 AM
Mövenpick Hotel Beirut,4.4,"(2,809)",5-star hotel,Opens at 8:00 AM,,Closed
InterContinental Phoenicia Beirut,4.6,"(2,545)",5-star hotel,Temporarily closed,,Opens at 9:00 AM
Tiffany & Co.,4.2,(25),Jewelry store,Closed today,,Opens at 8:00 AM
Lancaster Eden Bay,3.2,(186),5-star hotel,,"El Akhtal El Saghir, Ramlet El Baida",Closed today
Hilton Beirut Habtoor Grand,4.4,"(2,151)",5-star hotel,Opens at 9:00 AM,Charles de Gaulle St,Closed today
Wedding,5.0,(7),,Closing soon: 11:30 PM,,Closed today
Richmond Weddings™,5.0,(38),Wedding service,Closed today,1906 N Hamilton St G,Open until 4:30 AM
Jieh ETOILE WEDDING VENUE,3.5,(60),Wedding venue,,,
La Reine Wedding Garden,4.4,(23),Wedding venue,Closed,,Opens at 9:00 AM
Paradesos,4.2,(6),Wedding venue,Closed,,Opens at 9:00 AM
Dar Amine Bey Khodr,4.2,(16),Wedding venue,,,
Edesia Wedding Venue,4.8,(16),Wedding venue,,,
The Roses Garden,5.0,(1),Wedding venue,,Unnamed Road,Open until 12:00 AM
Arcadia Weddings & Events Venue,4.1,(22),Wedding venue,Closed,,Opens at 8:00 AM
Al Fares weddings & events,4.8,(5),Wedding venue,,,
Chateau Royal,3.8,(23),Wedding venue,,,
Arousayn w leil events & wedding venue,3.8,(4),Wedding venue,,,
Jardin des Rêves,3.9,(35),Wedding venue,,Unnamed Road Aalay,
صالة بيادركم - bayaderkom,,,Wedding venue,,,
Olivia wedding venue,4.9,(8),Wedding venue,,"Hasbaya, main road",
La Villa,5.0,(1),Wedding venue,,,
Vows Wedding Venue,5.0,(1),Wedding venue,,Rachaiya - Marjaayoun Rd,
House of wedding Group,3.0,(2),Wedding planner,Closed today,,
صالة قصر السعادة,3.6,(95),Wedding venue,,شارع رفيق الحريري,
صالة الفيحاء للاعراس,,,Wedding venue,,,
Eleganza Event Planner,4.5,(2),Wedding planner,,kfarhim، Banque Du Liban,
صالة عزة للأفراح,,,Wedding venue,,Masnaa - Rachaiya Rd,
Donna Maria Sursock Gardens,4.3,(134),Wedding venue,,1,
Bella planta,5.0,(1),Wedding service,Opens at 9:00 AM,,Closed
Royal Events,4.2,(6),Wedding planner,Opens at 9:00 AM,Beit Ed Dine - Barouk Rd,Closed
The Roses Garden,4.3,(8),Wedding venue,Closed today,Baisour، Baisour River,
Wedding Venue Saida Rest House,4.8,(16),Wedding venue,,Courniche El Baher,Open until 12:00 AM
Al Kanater Hall,3.2,(29),Wedding venue,Open until 12:00 AM,,
Weventslb,4.1,(22),Wedding planner,Closed,,Opens at 10:00 AM
Sunset Barouk Rest,5.0,(1),Wedding venue,,,Open until 12:00 AM
Cleopatra Weddings & Events Venue,5.0,(1),Wedding venue,,,
Saraï venue,5.0,(2),Wedding venue,,عين بعال مثلث عين بعال عيتيت قانا,
DreamDay Planners,5.0,(1),Wedding planner,,"Al madares, near pharmacy Al Rafah, Bchamoun",
Golden Paradise For Weddings,4.0,(2),Wedding venue,,,
Dar el Mir,4.6,(43),Wedding venue,,,
Saghbini Wedding Cars,4.7,(3),Wedding service,,Saida - Jezzine Rd,
Karm El Joz,4.8,(85),Wedding venue,Closed today,Jesuit Fathers Convent Street,
Al Tawahin ( Kalaa Weddings),4.5,(66),Wedding venue,Closed,القلعة,Opens at 10:00 AM
Golden Gate Group,3.6,(95),Wedding planner,,"Natasha saad street, Facing al quds mosque ( Hijazi Center )",
Wedalert Group,4.9,(8),Wedding planner,Closed today,Habouch,
Villa Ali Ezzedine,4.5,(2),Wedding venue,,Unnamed Road,Open until 11:45 PM
Le Palmier Venue,4.3,(61),Wedding venue,,,
Les Vignobles Venue,4.5,(2),Wedding venue,,,
Al Kalaa Weddings,4.5,(8),Wedding venue,Opens at 9:00 AM,,Closed
ليلة العمر _ laylet al omer,5.0,(1),Wedding planner,Opens at 9:00 AM,Masnaa - Rachaiya Rd,Closed
Arous wedding dress,3.7,(10),Bridal shop,,,Closed today
Domaine des Mirs,4.2,(55),Wedding venue,Open until 12:00 AM,,
Al-Nojoom_Wedding_Center,5.0,(7),Wedding service,Closed today,Unnamed Road,Open until 12:00 AM
2L8 GROUP,5.0,(1),Wedding planner,Opens at 10:00 AM,Mazboud,Closed
Bella Planta,3.7,(11),Wedding planner,Closed,,Opens at 8:00 AM
كرم الجوز,4.6,(8),Wedding venue,,Taanayel,
Jardin Du Rêve - Le Rêve,4.2,(197),Wedding venue,,,Closing soon: 11:00 PM
Private wedding,5.0,(1),Wedding planner,,Michref street 12 Nassim Saray Damour area,
Laylet Omor,4.0,(15),Wedding venue,,,
Bela Vista,4.0,(1),Wedding venue,,Unnamed Road,
Raneen Group (Al Shouf),5.0,(1),Wedding service,,"Kfarhim, Main Street",
"Janna's Wedding Venues- Damour, Lebanon",4.0,(144),Hotel,,Damour Sea Shore Damour,Closed today
منتجع بيصور السياحي Baissour Country Club,4.1,(21),Wedding venue,Opens at 10:00 AM,Baisour,Closed
LAYALI SHAMS,4.6,(68),Wedding venue,,A,
عروس و عريس,4.9,(8),Wedding planner,,Kfar Sir,Closed today
la salle venue,5.0,(1),Wedding venue,Open until 11:45 PM,Sidon,
Les Vignobles Venue,4.5,(13),Wedding venue,,,
منتزه القلعة,4.5,(2),Wedding photographer,,Tyre - Qana Rd,
Anas Jarrah Photography,4.4,(7),Wedding photographer,Opens at 9:00 AM,Chtoura,Closed
Al Wadi,4.0,(53),Wedding venue,Opens at 9:00 AM,,Closed
Studio Farhat,5.0,(1),Wedding photographer,Closed,Nabatiyeh - Tyre Rd,Opens at 9:00 AM
Beloved Ketubah,4.2,(55),Wedding service,Open until 12:00 AM,,
Qalaa Resort Kfarsir,4.4,(23),Wedding venue,Closed today,Kfar Sir,Closing soon: 11:00 PM
Boustan Village,4.8,(8),Wedding venue,Opens at 10:00 AM,Rachaiya,Closed
Jardin Blanc,3.6,(5),Wedding venue,Opens at 8:00 AM,Zahlé,Closed
Casino Piscine Aalay - Restaurant,3.6,(43),Wedding venue,,,
Bella rosa wedding,4.2,(197),Wedding planner,Closing soon: 11:00 PM,,
Jardin D'amour,3.9,(104),Entertainment agency,,Aley,Open until 4:00 AM
El Baba Events & Weddings,5.0,(1),Event planner,,,
"Moments Forever | Best Wedding and Event Planners and Designers Beirut, Lebanon",4.7,(15),Wedding planner,Closed today,"Horsh Tabet, Beirut",
Em amir company,4.4,(11),Wedding planner,,Khalde,Open until 8:00 AM
Angelique Bridal Boutique,5.0,(2),Bridal shop,Closed today,,
Wow Wedding,4.0,(1),Wedding planner,Closed,,Opens at 9:00 AM
دالاس,3.8,(16),Wedding venue,,,
Darb Al-Amar - درب القمر,3.9,(95),Wedding venue,,Shoukin main road Nabatieh,Closed today
Tulip Wedding Dresses,3.6,(20),Clothing store,Open until 11:45 PM,,
Feryal Zayat wedding dresses,4.8,(8),Wedding store,Closed today,,
Pleine Nature,4.3,(87),Wedding venue,,Ain Saade,
Derails Wedding Planner,4.4,(7),Wedding service,Closed today,,Opens at 9:00 AM
صالة الضياء للافراح,5.0,(1),Wedding venue,Opens at 9:00 AM,Qatana,Closed
Walid wedding planner,5.0,(1),Wedding planner,Closed,Old Saida Rd,Opens at 9:00 AM
Weddinngs in Cyprus by Maisy,4.2,(55),Wedding planner,Open until 12:00 AM,Youssef El Hayek,
"Glamor Moda , Wedding And Evening Dresses",5.0,(1),Clothing store,Closed,Unnamed Road,Opens at 12:00 AM
La Perla-اللؤلؤة,3.8,(4),Event venue,Opens at 10:00 AM,Chehime,Closed
Château Khoury Wedding Venue,3.0,(4),Wedding venue,Opens at 8:00 AM,,Closed
Beydoun Chairs كراسي بيضون,5.0,(1),Wedding service,Closed today,Haret Hreik,
Arli s.c.s G. Jarrache & Co. Wedding Cards,4.6,(16),Wedding service,Closed today,Forn El Chebbak,Closing soon: 11:00 PM
"Momento / Wedding Planner in Lebanon, Italy, Spain, Greece and Turkey",3.9,(104),Wedding planner,Closed today,"Horsh Tabet, Daoud Aramoun Street, tanios bustross Building , 6th floor",Open until 4:00 AM
Studio Neuf 9,4.0,(2),Wedding planner,,,
CONCERTO wedding hall,4.0,(13),Wedding venue,,,Closed today
Hightower Castle,4.6,(74),Event venue,Open until 8:00 AM,,
Château Cana,5.0,(2),Winery,,Bhamdoun,Closed today
Jad Mourani Wedding Planner Chocolate,4.0,(1),Wedding planner,Opens at 9:00 AM,,Closed
ASMA Wedding Planner,4.5,(4),Wedding planner,,,
C wedding car,3.0,(2),Wedding planner,Closed today,Matn Express Hwy,
Wedding Planner Cyprus,5.0,(9),Wedding planner,Open until 11:45 PM,1072150,
Leyland,3.8,(15),Event venue,,Aley,Closed today
Olea Venue,4.2,(5),Wedding venue,,,
Colors & Shapes - Wedding Furniture,4.3,(4),Wedding service,Opens at 9:00 AM,Charles Debbas,Closed today
Art-Monit,4.3,(8),Wedding planner,Closed today,,Opens at 9:00 AM
Grand Rennaissance Venue Hall,5.0,(1),Wedding venue,Opens at 9:00 AM,Beirut,Closed
Afrah Group,4.2,(13),Wedding planner,Closed today,,Open until 12:00 AM
Jenifer,5.0,(1),Bridal shop,Opens at 12:00 AM,,Closed
wedding Photography and videography,3.8,(4),Wedding photographer,Opens at 10:00 AM,,Closed
Once For Life / Event & Wedding Planner,3.0,(4),Wedding planner,Opens at 8:00 AM,Beirut,Closed
White Wedding & Event Planners,5.0,(1),Wedding planner,Closed today,Beirut,
Swanlake Venue,4.5,(72),Wedding venue,Closing soon: 11:00 PM,"AL DOUAR MAR MOUSSA MOUNT LEBANON, LEBANON",Closed today
bourj al akhdar,3.9,(83),Lebanese,Closed today,Sidon,Open until 12:00 AM
La Magnanerie Ain Hamada Baabdat | Arbanieh,5.0,(2),Wedding venue,,Baabdat,
Maurice Salloum,4.0,(13),Wedding planner,Closed today,,
Tahanina Wedding Planner,5.0,(1),Wedding planner,Closed,"Beirut, Jdeideh Center Maalouf, 2nd floor, Bakkata",Opens at 9:00 AM
Ouiconcept,5.0,(2),Wedding planner,Closed today,Beirut,
Haidar events,4.0,(1),Wedding planner,Closed today,Mirna Chalouhi,Opens at 9:00 AM
Cartes et Promotion,4.4,(9),Wedding service,Closed today,,
Polygon Wedding Furniture,5.0,(1),Wedding service,Closed today,Aintoura - Zahlé Rd,
Mona me,4.6,(11),Women's clothing store,Closed,,Opens at 9:00 AM
Al khozama Wedding Hall صالة الخزامى,5.0,(21),City or town hall,,Wadi Jilou,Closed today
Elie Moujaes Production,4.2,(5),Wedding photographer,,Dhour Chweir,
Boutros Wedding,2.6,(13),Wedding planner,Opens at 9:00 AM,,Closed today
bella wedding cards,4.4,(10),Wedding service,Opens at 9:00 AM,Beirut,Closed today
Pure Image Lebanon,5.0,(1),Wedding photographer,Opens at 9:00 AM,,Closed
Weddings 4 Life,4.0,(4),Wedding planner,Closed today,,Open until 12:00 AM
Perfect Choice Wedding Cars,4.5,(87),Wedding service,Opens at 12:00 AM,,Closed
Boustany Production,5.0,(3),Wedding photographer,Opens at 10:00 AM,Beirut,Closed
studio profile picture,3.8,(5),Wedding photographer,Closed today,Beirut,Opens at 8:00 AM
Sparkles & Dust,5.0,(6),Wedding planner,Closed today,Beirut,
Boutique SAUVAGE,3.5,(4),Clothing store,Closed,Tyre,Opens at 9:00 AM
Barraj Garden,4.1,(102),Cafe,Open until 12:00 AM,,Closed today
Palais Des Cedres Hotel,4.6,(90),4-star hotel,,,
Domaine de Zakrit,4.6,(157),Wedding venue,,Zekrit El Metn,Closed today
Black Horse Group,5.0,(1),Coaching center,Closed today,,Opens at 9:00 AM
Life venue,4.6,(94),Event venue,,Jiyeh,Closed today
"Freedom Events - Weddings & Zaffe (Armenian, Greek, Gypsy...)",4.7,(3),Wedding planner,Opens at 9:00 AM,,Closed today
Clase Mundial Wedding Planners,4.8,(31),Wedding planner,Closed today,"Saint Michel Street Zouk Micheal Zouk Micheal, Lebanon Kesrouan",
Classic Wedding Cars,5.0,(1),Wedding service,,Salhab streed behind cinema Odeon Antelias,Closed today
Perfect Choice Wedding Cars & Events,5.0,(19),Wedding service,Closed today,Jdeideh,Opens at 9:00 AM
Throne - RSVP wedding,5.0,(2),Event planner,Closed,,Opens at 8:00 AM
La Reine Wedding Garden,4.6,(5),Restaurant,,,
Chidiac Garden,4.3,(56),Event venue,Opens at 9:00 AM,Beirut,Closed today
Georges R. Abdallah Photography,5.0,(3),Wedding photographer,Opens at 9:00 AM,Beirut,Closed today
Studio Dany Rizkallah,4.3,(7),Wedding photographer,Closed today,"Beirut, Jdeideh",Opens at 9:00 AM
The History Wedding Venue,4.3,(44),Wedding venue,Open until 12:00 AM,,Closed today
Soursok park and wedding hall,4.5,(87),Restaurant,Closed,,Open until 12:00 AM
Chapelle Saint Joseph,5.0,(5),Wedding chapel,Opens at 10:00 AM,,Closed
Noiva's,4.3,(50),Bridal shop,Closed today,Baouchriye,Opens at 8:00 AM
Perfect Choice Wedding Cars (Showroom),5.0,(14),Wedding service,,طريق الزلقا الرئيسي,Closed today
Razan Fashion Wedding Dress,3.5,(4),Clothing store,Opens at 9:00 AM,,Closed
"""Little Rosen"" Design Studio Wedding Dresses",5.0,(2),Bridal shop,Closed,Ma'alot-Tarshiha,Opens at 9:00 AM
Soursok park and wedding hall,5.0,(4),Restaurant,,Unnamed Road,Open until 11:45 PM
wedding date,5.0,(1),Wedding planner,Closed today,,
S.Y wedding dresses,5.0,(2),Clothing store,Closed today,,Opens at 9:00 AM
Studio Ghoussainy,5.0,(5),Photography studio,Closed today,Baakleen,
Salet Al Majles - Almajles Hall,4.7,(3),Wedding chapel,Opens at 9:00 AM,,Closed today
Kazma wedding cards,4.5,(16),Wedding store,Closed today,,
Royal wedding cards,5.0,(2),Wedding store,Closed today,,
ROSA CLARÁ,3.7,(3),Wedding store,Closed today,Beirut,Opens at 9:00 AM
Terrace el Iklim تراس الاقليم,4.0,(34),Event venue,Opens at 8:00 AM,Chehime,Closed
Ahmad Chawich Events & wedding planner,4.6,(5),Video production service,,,
Zafafek(jalloul Wedding Dress),1.0,(1),Wedding dress rental service,Opens at 9:00 AM,Borj Albarajneh,Closed today
La boutique - Carré Sucré Catering,4.1,(72),Dessert shop,Closed,"Hadath, Mount Lebanon",Opens at 9:00 AM
Lebanon Weddings,4.3,(16),Wedding venue,Opens at 9:00 AM,Byblos,Closed today
Kazma Wedding Cards- Kazma Printing & Trading Co,4.3,(44),Wedding store,Closed today,Beirut,Open until 12:00 AM
Fairybou,2.0,(1),Bridal shop,Open until 12:00 AM,,Closed
Ebla Production Video & Photo Services,3.5,(2),Photographer,Closed,Majdal Shams,Opens at 9:00 AM
Tivoli sweets,4.4,(58),Patisserie,Closed,,Opens at 7:30 AM
La Reine Boutique,4.2,(11),Bridal shop,Closed today,,
Something Blue,4.6,(57),Bridal shop,Closed today,,Opens at 9:00 AM
Randa Samra,2.0,(1),Bridal shop,Opens at 9:00 AM,,Closed
Portal Events,5.0,(4),Event venue,Open until 11:45 PM,"tyre al housh, صور،",
Sibahi Group,5.0,(1),Event planner,,,Closed today
Chateau Rweiss,4.5,(189),Wedding venue,Opens at 9:00 AM,,Closed today
"Esposa Privé, Downtown Beirut",4.9,(95),Bridal shop,Temporarily closed,Beirut,
The pattern of Kiryat Shmona - Wedding Invitations,5.0,(2),Print shop,Closed,Qiryat Shemona,Opens at 9:30 AM
Safadieh Flowers,4.8,(4),Flower designer,Closed,Sidon,Opens at 8:00 AM
George Lteif Photography,4.3,(18),Wedding service,Closed today,"Next to Credit Libanais, Nehme Building Dekouaneh",
Damour Country Club,4.0,(139),Resort,Opens at 9:00 AM,,Closed today
"Esposa, Ramleh El Bayda",4.9,(156),Bridal shop,Opens at 8:00 AM,Beirut,Closed
World of Weddings,5.0,(1),Wedding service,Closed today,,
Bella Bride,4.3,(4),Bridal shop,Closed today,,Opens at 9:00 AM
Fashion Flowers Weddings & Events,3.8,(15),Flower market,Closed,,Opens at 9:00 AM
Eleanore Couture,3.0,(48),Bridal shop,Closed today,,Opens at 9:00 AM
Four Seasons Hotel Beirut,4.6,"(1,941)",5-star hotel,Open until 12:00 AM,Beirut,Closed today
Sara Mrad Couture,4.8,(48),Bridal shop,Closed today,,Open until 12:00 AM
Saray Nassib Basha,4.8,(40),Historical landmark,Opens at 9:00 AM,Bramiyeh,Closed
Georges Hobeika,4.5,(43),Haute couture fashion house,Closed today,Sin El Fil,Opens at 7:30 AM
Champagne Wedding Boutique,3.7,(13),Clothing store,Closed today,,
Villa Linda Sursock By Le Bristol,4.5,(136),Event venue,Opens at 9:00 AM,,Closed today
Orizon Byblos,4.2,(318),Wedding venue,Closed,Byblos,Opens at 8:00 AM
Shawatina,4.1,(188),Restaurant,,Tyre,Open until 12:00 AM
"Esposa, Dbayeh",4.8,(134),Bridal shop,Closed today,,
Patisserie Oriental,4.0,(30),Pastries,Closed,,Opens at 7:00 AM
جنة سور مار Janna Sur Mer,4.7,(7),Beach pavillion,Closed,Damour Beach Road Damour,Opens at 9:00 AM
Cherry Blossom Boutique Hotel,4.3,(283),4-star hotel,Opens at 9:30 AM,Bḩamdūn,Closed
Ramma Wedding halls ראמא אולמי אירועים,4.1,(28),Event venue,Opens at 8:00 AM,Karmiel,Closed
Le Commodore Hotel,4.0,"(1,100)",5-star hotel,,,Closed today
Coral Beirut Al Hamra Hotel,3.9,(623),4-star hotel,Opens at 9:00 AM,,Closed today
Janna Sur Mer Beach Resort & Hotel,4.1,"(1,043)",Beach pavillion,Opens at 8:00 AM,Damour Sea Road Damour,Closed
Le Royal Hotel Beirut,4.4,"(1,695)",5-star hotel,,,Closed today
Jose Daou photographer,4.3,(11),Photographer,Closed today,Jounieh,Opens at 9:00 AM
Maison LESLEY,4.8,(35),Bridal shop,Closed today,Jounieh,Opens at 9:00 AM
Shmulik photos,3.0,(48),Photographer,Opens at 9:00 AM,Nahariyya,Closed today
BAZ Events,5.0,(2),Event planner,Closed today,Beirut,Open until 12:00 AM
Yara Estephan Weddings & Events,4.8,(48),Corporate office,Closed today,,Open until 12:00 AM
Elma Wedding Cars,4.8,(40),Car leasing service,Closed,,Opens at 2:00 PM
Beirouty Weddings And Events Planner,5.0,(24),Wedding planner,Closed,Irbid,Opens at 11:00 AM
Margot - wedding dress designers,5.0,(2),Bridal shop,,Tiberias,Closed today
Blanc De Chêne,4.3,(151),Restaurant,Opens at 9:00 AM,,Closed today
Lazurdpalace,5.0,(1),Wedding venue,Opens at 8:00 AM,Damascus,Closed
Tanit Venue,4.1,(116),Event venue,,,Open until 1:00 AM
Rani Itani Couture,4.6,(22),Dressmaker,Closed today,,
Feghali Studio,4.5,(13),Photo lab,Closed today,,Opens at 7:00 AM
AURA Headpieces,4.1,(7),Fashion accessories store,Closed today,Beirut,Opens at 9:00 AM
LOOK IN COUTURE,5.0,(2),Women's clothing store,Closed today,Avenue,Opens at 9:30 AM
Chalhoub Photography,4.5,(19),Photographer,Closed today,Beirut,Opens at 8:00 AM
OverWhelming Beirut Creative Boutique,4.0,"(1,100)",Advertising agency,Closed today,Beirut,
Lancaster Tamar Hotel,4.0,(629),4-star hotel,Opens at 9:00 AM,Boulevard General Emile Lahoud - Beirut beirut,Closed today
Le Jardin Du Royal Restaurant,4.1,"(1,043)",Restaurant,Closed,"Dbayeh, Le Royal Hotel 5th floor Beirut Lebanon",Closing soon: 11:30 PM
Sawaya Flowers,4.2,(14),Flower designer,Closed,Zahlé,Opens at 9:00 AM
AL FARAH - JOY Group,4.9,(16),Wedding service,Closed today,Chalet Suisse Street Mirna Tawk Center Ground Floor,Opens at 9:00 AM
La Pousse Verte,4.8,(5),Wedding service,Closed,Beirut,Opens at 8:30 AM
Ma.Sa.Ha,5.0,(4),Florist,Closed today,Mansourieh,Opens at 9:00 AM
"SKY LIGHT: Events Sound & Light in Lebanon, AV Companies Lebanon, Led Screen Rental Lebanon, wedding sound and light",5.0,(40),Stage lighting equipment supplier,Open until 12:00 AM,بيروت,Closed today
Ghorayeb Technotel,3.0,(9),Furniture rental service,Closed today,"Eid building, 6th floor, Mar Youhanna street Bauchrieh Matn",Open until 12:00 AM
Heart to Heart,4.4,(15),Event management company,Closed today,,Opens at 2:00 PM
Studio Ramy Al Saghir,4.7,(11),Photographer,Closed today,Mansourieh,Opens at 11:00 AM
Krikor Jabotian,4.8,(6),Fashion designer,,,Closed today
ZARA,3.9,(12),Fashion accessories store,Closed today,Sidon,Opens at 9:00 AM
כלה קלה - KALA KALA שמלות כלה במחירים שפויים,4.9,(50),Wedding store,Closed,Caesarea,Opens at 9:00 AM
Gefinor Rotana,4.3,(986),5-star hotel,Open until 1:00 AM,Beirut,
The Wedding Cana Church,4.7,"(3,044)",Catholic church,,,Closed today
Nadia Travel Hazmieh,4.5,(13),Corporate office,Closed today,Mar Elias,Opens at 7:00 AM
Skamlati,4.1,(7),Furniture rental service,Opens at 9:00 AM,Unnamed Road,Closed today
Villa Paradiso Batroun,4.4,(135),Event venue,Opens at 9:30 AM,,Closed today
Cochav Hayam,4.4,(926),Event venue,Opens at 8:00 AM,,Closed today
Wonderlists S.A.L,5.0,(2),Corporate office,Closed today,,
Fleurs De La Sagesse,4.3,(75),Florist,Closed,Jdeideh,Opens at 8:00 AM
Biel,4.1,"(1,133)",Exhibition and trade centre,Closing soon: 11:30 PM,"Emile Lahoud highway, Furn El Chebak",Closed
Senses Hotel & Resort,3.6,(608),4-star hotel,Opens at 9:00 AM,,Closed
Adonis Rent A Car,4.1,(78),Car rental agency,Closed today,Zouk Mosbeh,Open until 12:00 AM
Le43 Catering,5.0,(7),Catering food and drink supplier,Closed today,,Opens at 8:30 AM
Scarbina,5.0,(1),Shoe store,Closed today,,Opens at 9:00 AM
פלורה שמלות כלה,4.7,(10),Bridal shop,Closed,Haifa,Opens at 9:00 AM
Kahloon Village,4.6,(21),Event venue,Open until 12:00 AM,محافظة جبل لبنان Nammoura، Main Road,Closed today
Chirak Printing & Publishing,4.4,(15),Print shop,Closed today,Bourj Hammoud,Opens at 2:00 PM
Canali Boutique - Foch Street,3.7,(3),Men's clothing store,Closed,Beirut,Opens at 10:00 AM
BURJ on BAY,4.5,(530),5-star hotel,,,Closed today
TAG HEUER BOUTIQUE BEIRUT SOUKS,4.1,(22),Watch store,Opens at 9:00 AM,Beirut,Closed today
Tag heuer,4.5,(2),Watch store,Opens at 9:00 AM,,Closed
Mövenpick Hotel Beirut,4.4,"(2,809)",5-star hotel,Open until 1:00 AM,,
InterContinental Phoenicia Beirut,4.6,"(2,545)",5-star hotel,Temporarily closed,,
ELIE SAAB,4.4,(49),Women's clothing store,Closed today,Beirut,Opens at 7:00 AM
Hilton Beirut Habtoor Grand,4.4,"(2,151)",5-star hotel,Opens at 9:00 AM,Beirut,Closed today
Bottega Veneta,4.4,(135),Boutique,Closed,Beirut,Opens at 10:00 AM
Cartier,4.9,(29),Jewelry store,Closed today,Beirut,Opens at 8:00 AM
Lancaster Eden Bay,3.2,(186),5-star hotel,,Beirut,Closed today
MystiqueRose,4.9,(8),Women's clothing store,Closed today,Koura - Kfaraaka,Opens at 8:00 AM
Tiffany & Co.,4.2,(25),Jewelry store,Closed today,,Closing soon: 11:30 PM
Four Points by Sheraton Le Verdun,4.3,(721),4-star hotel,Opens at 9:00 AM,Beirut,Closed
Alisa Wonderland שמלות כלה,5.0,(1),Bridal shop,Closed,Ga'ash,Opens at 9:00 AM
ABC Verdun,4.4,"(5,724)",Shopping mall,Closed,Beirut,Opens at 10:00 AM
תל-יה Tel-Ya A banquet hall,4.2,(563),Event venue,Opens at 9:00 AM,Tel Yitzhak,Closed today
Zoughaib & Co. Jewelry - Zouk Highway,4.5,(25),Jewelry store,Closed today,Jounieh - Beirut Hwy,Opens at 9:00 AM
Berman Designers,4.9,(48),Jewelry store,Closed today,,Open until 12:00 AM
Wedding,4.4,(15),,Opens at 2:00 PM,,Closed today
Richmond Weddings™,5.0,(38),Wedding service,Closed today,Richmond,Opens at 10:00 AM