Name,Kadaa,Mohafaza
Aaba,Koura,Liban-Nord
Aabadiyeh,Baabda,Mont-Liban
Aabaydat,Jbeil,Kesrouane Al Fatouh-Jbeil
Aabba,Nabatiyeh,Nabatiyeh
Aabbassiyeh,Sour,Liban-Sud
Aabboudiyeh,Aakkar,Aakkar
Aabdeh,Aakkar,Aakkar
Aabdelli,Batroun,Liban-Nord
Aabdine (Bcharreh),Bcharreh,Liban-Nord
Aabey,Aaley,Mont-Liban
Aabra,Saida,Liban-Sud
Aabri,Kesrouane,Kesrouane Al Fatouh-Jbeil
Aabrine,Batroun,Liban-Nord
Aachach,Zgharta,Liban-Nord
Aachqout,Kesrouane,Kesrouane Al Fatouh-Jbeil
Aadaysseh,Marjaayoun,Nabatiyeh
Aadbil,Aakkar,Aakkar
Aadchit (Qoussair),Marjaayoun,Nabatiyeh
Aadchit Ech Chqif,Nabatiyeh,Nabatiyeh
Aaddoussiyeh,Saida,Liban-Sud
Aadloun,Saida,Liban-Sud
Aafsdiq,Koura,Liban-Nord
Aaidamoun,Aakkar,Aakkar
Aaintourine,Zgharta,Liban-Nord
Aaiyat,Aakkar,Aakkar
Aajaltoun,Kesrouane,Kesrouane Al Fatouh-Jbeil
Aakkar El Aatiqa,Aakkar,Aakkar
Aalali,Batroun,Liban-Nord
Aaley,Aaley,Mont-Liban
Aali En Nahri,Zahleh,Beqaa
Aallaq Et Tell,Baalbek,Baalbek-Hermel
Aalma,Zgharta,Liban-Nord
Aalma Ech Chaab,Sour,Liban-Sud
Aalmane,Chouf,Mont-Liban
Aalmane,Marjaayoun,Nabatiyeh
Aalmat,Jbeil,Kesrouane Al Fatouh-Jbeil
Aalmat Ech Chmaliyeh,Jbeil,Kesrouane Al Fatouh-Jbeil
Aalmat Ej Jnoubiyeh,Jbeil,Kesrouane Al Fatouh-Jbeil
Aamara,Aakkar,Aakkar
Aamaret Chalhoub,Matn,Mont-Liban
Aamaret El Baykat,Aakkar,Aakkar
Aamchit,Jbeil,Kesrouane Al Fatouh-Jbeil
Aammatour,Chouf,Mont-Liban
Aammiq (Beqaa Ouest),Beqaa Ouest,Beqaa
Aammiq (Chouf),Chouf,Mont-Liban
Aamra,Marjaayoun,Nabatiyeh
Aamriyeh,Aakkar,Aakkar
Aana,Beqaa Ouest,Beqaa
Aandqet,Aakkar,Aakkar
Aanjar (Haouch Moussa),Zahleh,Beqaa
Aannaya,Jbeil,Kesrouane Al Fatouh-Jbeil
Aanout,Chouf,Mont-Liban
Aanqoun,Saida,Liban-Sud
Aansar (Baalbek),Baalbek,Baalbek-Hermel
Aaouadeh,Aakkar,Aakkar
Aaouainat (Aakkar),Aakkar,Aakkar
Aaoura,Batroun,Liban-Nord
Aaqabet Rachaiya,Rachaiya,Beqaa
Aaqaybeh,Kesrouane,Kesrouane Al Fatouh-Jbeil
Aaqidiyeh,Baalbek,Baalbek-Hermel
Aaqoura,Jbeil,Kesrouane Al Fatouh-Jbeil
Aaqtanit (Saida),Saida,Liban-Sud
Aarab Ej Jall,Saida,Liban-Sud
Aarab Jourmnaya,Aakkar,Aakkar
Aarab Salim,Nabatiyeh,Nabatiyeh
Aarab Tabbaya,Saida,Liban-Sud
Aaraiya,Baabda,Mont-Liban
Aaramoun,Kesrouane,Kesrouane Al Fatouh-Jbeil
Aaramoun (Aaley),Aaley,Mont-Liban
Aaramta,Jezzine,Liban-Sud
Aarasta,Jbeil,Kesrouane Al Fatouh-Jbeil
Aaray,Jezzine,Liban-Sud
Aarbaniyeh,Baabda,Mont-Liban
Aarbet Qouzhaiya,Zgharta,Liban-Nord
AaridaÂ (Aakkar),Aakkar,Aakkar
Aarjes,Zgharta,Liban-Nord
Aarqa,Aakkar,Aakkar
Aarsal,Baalbek,Baalbek-Hermel
Aartiz,Batroun,Liban-Nord
Aassoun,Minieh-Danniyeh,Liban-Nord
Aatchaneh,Matn,Mont-Liban
Aathrine,Chouf,Mont-Liban
Aaychiyeh,Jezzine,Liban-Sud
Aayha,Rachaiya,Beqaa
Aaymar,Minieh-Danniyeh,Liban-Nord
Aaynab,Aaley,Mont-Liban
Aaynata (Baalbek),Baalbek,Baalbek-Hermel
Aayoun (Aakkar),Aakkar,Aakkar
Aayoun (Matn),Matn,Mont-Liban
Aayoun El Ghizlane,Aakkar,Aakkar
Aayroun,Matn,Mont-Liban
Aayta Ej Jabal (Zott),Bent Jbeil,Nabatiyeh
Aayta El Foukhar,Rachaiya,Beqaa
Aaytanit,Beqaa Ouest,Beqaa
Aaytaroun,Bent Jbeil,Nabatiyeh
Aaytat,Aaley,Mont-Liban
Aaytit,Sour,Liban-Sud
Aazour,Jezzine,Liban-Sud
Aazqai,Minieh-Danniyeh,Liban-Nord
Aazra Ouel Aazr,Kesrouane,Kesrouane Al Fatouh-Jbeil
Aazzi,Nabatiyeh,Nabatiyeh
Aazzouniyeh,Aaley,Mont-Liban
Ablah,Zahleh,Beqaa
Abou Mizane,Matn,Mont-Liban
Adma Oua Dafneh,Kesrouane,Kesrouane Al Fatouh-Jbeil
Adonis,Jbeil,Kesrouane Al Fatouh-Jbeil
Afqa,Jbeil,Kesrouane Al Fatouh-Jbeil
Afqa (Minieh-Danniyeh),Minieh-Danniyeh,Liban-Nord
Ain (Baalbek),Baalbek,Baalbek-Hermel
Ain Aakrine,Koura,Liban-Nord
Ain Aalaq,Matn,Mont-Liban
Ain Aanoub,Aaley,Mont-Liban
Ain Aar,Matn,Mont-Liban
Ain Aarab,Marjaayoun,Nabatiyeh
Ain Aarab (Rachaiya),Rachaiya,Beqaa
Ain Aata,Rachaiya,Beqaa
Ain Abou Abdallah,Sour,Liban-Sud
Ain Achma,Aakkar,Aakkar
Ain Al Zahab (Dinbou),Aakkar,Aakkar
Ain Baal (Sour),Sour,Liban-Sud
Ain Bou Souar,Nabatiyeh,Nabatiyeh
Ain Bourday,Baalbek,Baalbek-Hermel
Ain Dara,Aaley,Mont-Liban
Ain Drafil,Aaley,Mont-Liban
Ain Ebel,Bent Jbeil,Nabatiyeh
Ain Ed Delb,Saida,Liban-Sud
Ain Ed Delbeh,Jbeil,Kesrouane Al Fatouh-Jbeil
Ain Ed Delbeh,Kesrouane,Kesrouane Al Fatouh-Jbeil
Ain Ej Jdideh (Aaley),Aaley,Mont-Liban
Ain El Assad,Chouf,Mont-Liban
Ain El Fraydis,Aaley,Mont-Liban
Ain El Ghouaybeh,Jbeil,Kesrouane Al Fatouh-Jbeil
Ain El Halazoun,Aaley,Mont-Liban
Ain El Haour,Chouf,Mont-Liban
Ain El Kharroubeh,Matn,Mont-Liban
Ain El Marj,Aaley,Mont-Liban
Ain El Mir,Jezzine,Liban-Sud
Ain El Qabou,Matn,Mont-Liban
Ain Er Rihaneh,Kesrouane,Kesrouane Al Fatouh-Jbeil
Ain Er Roummaneh (Aaley),Aaley,Mont-Liban
Ain Er Roummaneh (Chiyah),Baabda,Mont-Liban
Ain Es Saouda,Baalbek,Baalbek-Hermel
Ain Es Saydeh,Aaley,Mont-Liban
Ain Es Sindianeh,Matn,Mont-Liban
Ain Es Sofsaf,Matn,Mont-Liban
Ain Et Teffaha,Matn,Mont-Liban
Ain Et Tineh (Beqaa Ouest),Beqaa Ouest,Beqaa
Ain Et Tineh (Minieh-Danniyeh),Minieh-Danniyeh,Liban-Nord
Ain Ez Zayt,Aakkar,Aakkar
Ain Ez Zeitouneh,Matn,Mont-Liban
Ain Horcheh,Rachaiya,Beqaa
Ain Jarfa,Hasbaiya,Nabatiyeh
Ain Jrain,Jbeil,Kesrouane Al Fatouh-Jbeil
Ain Kfaa,Jbeil,Kesrouane Al Fatouh-Jbeil
Ain Kfar Zabad,Zahleh,Beqaa
Ain Ksour,Aaley,Mont-Liban
Ain Majdalayne,Jezzine,Liban-Sud
Ain Mouaffaq,Baabda,Mont-Liban
Ain Ouzain,Chouf,Mont-Liban
Ain Qana,Nabatiyeh,Nabatiyeh
Ain Qani,Chouf,Mont-Liban
Ain Qinia,Hasbaiya,Nabatiyeh
Ain Saadeh,Matn,Mont-Liban
Ain Tinta,Aakkar,Aakkar
Ain Trez,Aaley,Mont-Liban
Ain Yaaqoub,Aakkar,Aakkar
Ain Zebdeh,Beqaa Ouest,Beqaa
Ain Zhalta,Chouf,Mont-Liban
Ainbal,Chouf,Mont-Liban
Aintoura,Kesrouane,Kesrouane Al Fatouh-Jbeil
Aintoura (Matn),Matn,Mont-Liban
Akroum,Aakkar,Aakkar
Amioun,Koura,Liban-Nord
Anane,Jezzine,Liban-Sud
Antelias,Matn,Mont-Liban
Ardeh,Zgharta,Liban-Nord
Arnoun,Nabatiyeh,Nabatiyeh
Arsoun,Baabda,Mont-Liban
Arzai,Saida,Liban-Sud
Arzoun,Sour,Liban-Sud
Aslout,Zgharta,Liban-Nord
Asnoun,Zgharta,Liban-Nord
Assia,Batroun,Liban-Nord
Aytou,Zgharta,Liban-Nord
Baabda,Baabda,Mont-Liban
Baabdat,Matn,Mont-Liban
Baadarane,Chouf,Mont-Liban
Baalbek,Baalbek,Baalbek-Hermel
Baalchmay,Baabda,Mont-Liban
Baaloul (Beqaa Ouest),Beqaa Ouest,Beqaa
Baaouerta,Aaley,Mont-Liban
Baaqline,Chouf,Mont-Liban
Baassir,Chouf,Mont-Liban
Bab Mareaa,Beqaa Ouest,Beqaa
Babliyeh,Saida,Liban-Sud
Badbhoun,Koura,Liban-Nord
Baflay,Sour,Liban-Sud
Baghdadi,Aakkar,Aakkar
Bakhaaoun,Minieh-Danniyeh,Liban-Nord
Bakka,Rachaiya,Beqaa
Bakkifa (Rachaiya),Rachaiya,Beqaa
Bakoura,Minieh-Danniyeh,Liban-Nord
Ballouneh,Kesrouane,Kesrouane Al Fatouh-Jbeil
Bane,Bcharreh,Liban-Nord
Bani Haiyane,Marjaayoun,Nabatiyeh
Bani Sakher,Aakkar,Aakkar
Baouchriyeh,Matn,Mont-Liban
Baraachit,Bent Jbeil,Nabatiyeh
Barghoun,Koura,Liban-Nord
Barich,Sour,Liban-Sud
Barja,Chouf,Mont-Liban
Barouk,Chouf,Mont-Liban
Barqa,Baalbek,Baalbek-Hermel
Barr Elias,Zahleh,Beqaa
Barsa,Koura,Liban-Nord
Barti,Saida,Liban-Sud
Baskinta,Matn,Mont-Liban
Baslouqit,Zgharta,Liban-Nord
Bater,Chouf,Mont-Liban
Batha,Kesrouane,Kesrouane Al Fatouh-Jbeil
Batloun,Chouf,Mont-Liban
Batoulay,Sour,Liban-Sud
Batroumine,Koura,Liban-Nord
Batroun,Batroun,Liban-Nord
Bayqoun,Chouf,Mont-Liban
Bayssour (Aaley),Aaley,Mont-Liban
Bayssour (Jezzine),Jezzine,Liban-Sud
Bazaaoun,Bcharreh,Liban-Nord
Bazouriyeh,Sour,Liban-Sud
Bazyoun,Jbeil,Kesrouane Al Fatouh-Jbeil
Bchamoun,Aaley,Mont-Liban
Bchannine,Zgharta,Liban-Nord
Bcharreh,Bcharreh,Liban-Nord
Bcheaali,Batroun,Liban-Nord
Bchennata,Minieh-Danniyeh,Liban-Nord
Bchetfine,Chouf,Mont-Liban
Bchilleh,Jbeil,Kesrouane Al Fatouh-Jbeil
Bdadoun,Aaley,Mont-Liban
Bdebba,Koura,Liban-Nord
Bebnine,Aakkar,Aakkar
Bechmizzine,Koura,Liban-Nord
Bechouat,Baalbek,Baalbek-Hermel
Bechtoudar,Batroun,Liban-Nord
Beddaoui,Minieh-Danniyeh,Liban-Nord
Bedghane,Aaley,Mont-Liban
Bedias,Sour,Liban-Sud
Bednayel (Baalbek),Baalbek,Baalbek-Hermel
Bednayel (Koura),Koura,Liban-Nord
Behdaydat,Jbeil,Kesrouane Al Fatouh-Jbeil
Behouaita,Minieh-Danniyeh,Liban-Nord
Behouara,Aaley,Mont-Liban
Beino,Aakkar,Aakkar
Beit Aabeid,Zgharta,Liban-Nord
Beit Aaoukar,Zgharta,Liban-Nord
Beit Ayoub,Aakkar,Aakkar
Beit Chabab,Matn,Mont-Liban
Beit Chama,Baalbek,Baalbek-Hermel
Beit Chlala,Batroun,Liban-Nord
Beit Ech Chaar,Matn,Mont-Liban
Beit Ed Dine,Chouf,Mont-Liban
Beit El Faqs,Minieh-Danniyeh,Liban-Nord
Beit El Hajj,Aakkar,Aakkar
Beit El Haouch,Aakkar,Aakkar
Beit El Kekko,Matn,Mont-Liban
Beit Et Tachm,Hermel,Baalbek-Hermel
Beit Habbaq,Jbeil,Kesrouane Al Fatouh-Jbeil
Beit Haouik,Minieh-Danniyeh,Liban-Nord
Beit Lahia,Rachaiya,Beqaa
Beit Lif,Bent Jbeil,Nabatiyeh
Beit Mellat,Aakkar,Aakkar
Beit Menzer,Bcharreh,Liban-Nord
Beit Meri,Matn,Mont-Liban
Beit Yahoun,Bent Jbeil,Nabatiyeh
Beit Younes,Aakkar,Aakkar
Bejjeh,Jbeil,Kesrouane Al Fatouh-Jbeil
Bekhaaz,Jbeil,Kesrouane Al Fatouh-Jbeil
Benouati,Chouf,Mont-Liban
Benouati (Jezzine),Jezzine,Liban-Sud
Bent Jbeil,Bent Jbeil,Nabatiyeh
Beqaata,Chouf,Mont-Liban
Beqaatet Aachqout,Kesrouane,Kesrouane Al Fatouh-Jbeil
Beqaatet Kanaane,Kesrouane,Kesrouane Al Fatouh-Jbeil
Berbara,Jbeil,Kesrouane Al Fatouh-Jbeil
Berbara (Aakkar),Aakkar,Aakkar
Berhalioun,Bcharreh,Liban-Nord
Berqayel,Aakkar,Aakkar
Bestiyat,Sour,Liban-Sud
Bettal,Chouf,Mont-Liban
Beyrouth,Beyrouth,Beyrouth
Bezbina (Aakkar),Aakkar,Aakkar
Bhabbouch,Koura,Liban-Nord
Bhamdoun Ed Dayaa,Aaley,Mont-Liban
Bhamdoun El Mhatta,Aaley,Mont-Liban
Bhannine,Jezzine,Liban-Sud
Bhannine (Minieh-Danniyeh),Minieh-Danniyeh,Liban-Nord
Bhayri,Zgharta,Liban-Nord
Bhersaf,Matn,Mont-Liban
Bichtlida,Jbeil,Kesrouane Al Fatouh-Jbeil
Bijdarfil,Batroun,Liban-Nord
Bikfaya,Matn,Mont-Liban
Billa,Bcharreh,Liban-Nord
Binnay,Aaley,Mont-Liban
Bintaael,Jbeil,Kesrouane Al Fatouh-Jbeil
Bireh (Aakkar),Aakkar,Aakkar
Bireh (Chouf),Chouf,Mont-Liban
Bireh (Rachaiya),Rachaiya,Beqaa
Bisri,Jezzine,Liban-Sud
Bissariyeh,Saida,Liban-Sud
Biyad,Sour,Liban-Sud
Bizhel,Kesrouane,Kesrouane Al Fatouh-Jbeil
Bkassine,Jezzine,Liban-Sud
Bkeftine,Koura,Liban-Nord
Bkhichtay,Aaley,Mont-Liban
Bkifa,Chouf,Mont-Liban
Blaouza,Bcharreh,Liban-Nord
Blat,Jbeil,Kesrouane Al Fatouh-Jbeil
Blat (Marjaayoun),Marjaayoun,Nabatiyeh
Blaybel,Aaley,Mont-Liban
Blida,Marjaayoun,Nabatiyeh
Bmahray,Aaley,Mont-Liban
Bmakine,Aaley,Mont-Liban
Bmaryam,Baabda,Mont-Liban
Bnaafoul,Saida,Liban-Sud
Bnabil,Matn,Mont-Liban
Bnehran,Koura,Liban-Nord
Bneshaai,Zgharta,Liban-Nord
Bohsas,Koura,Liban-Nord
Boqsmaiya,Batroun,Liban-Nord
Borj (Aakkar),Aakkar,Aakkar
Borj Ech Chemali,Sour,Liban-Sud
Borj El Aarab,Aakkar,Aakkar
Borj El Brajneh,Baabda,Mont-Liban
Borj El Mlouk,Marjaayoun,Nabatiyeh
Borj El Yahoudiyeh,Minieh-Danniyeh,Liban-Nord
Borj Hammoud,Matn,Mont-Liban
Borj Qalaouiyeh,Bent Jbeil,Nabatiyeh
Borj Rahhal,Sour,Liban-Sud
Botmeh,Chouf,Mont-Liban
Bou Zrideh,Aaley,Mont-Liban
Bouar,Kesrouane,Kesrouane Al Fatouh-Jbeil
Bouarej,Zahleh,Beqaa
Bouayda,Marjaayoun,Nabatiyeh
Bouayda (Hermel),Hermel,Baalbek-Hermel
Bouday,Baalbek,Baalbek-Hermel
Bourgheliyeh,Sour,Liban-Sud
Bourghos,Hasbaiya,Nabatiyeh
Bourjein,Chouf,Mont-Liban
Bouslaya,Jezzine,Liban-Sud
Boussit,Zgharta,Liban-Nord
Boustane,Sour,Liban-Sud
Boustane (Hermel),Hermel,Baalbek-Hermel
Boustane El Herch,Aakkar,Aakkar
Boutchay,Baabda,Mont-Liban
Bqaa Kafra,Bcharreh,Liban-Nord
Bqaa Safrine,Minieh-Danniyeh,Liban-Nord
Bqaatouta,Kesrouane,Kesrouane Al Fatouh-Jbeil
Bqarsouna,Minieh-Danniyeh,Liban-Nord
Bqennaya,Matn,Mont-Liban
Bqerqacha,Bcharreh,Liban-Nord
Bqerzla,Aakkar,Aakkar
Bqosta,Saida,Liban-Sud
Braiqeaa,Nabatiyeh,Nabatiyeh
Bramiyeh,Saida,Liban-Sud
Breissat,Bcharreh,Liban-Nord
Brih,Chouf,Mont-Liban
Brissa,Hermel,Baalbek-Hermel
Brital,Baalbek,Baalbek-Hermel
Broummana,Matn,Mont-Liban
Bsaba (Baabda),Baabda,Mont-Liban
Bsaba (Chouf),Chouf,Mont-Liban
Bsalim,Matn,Mont-Liban
Bsarma,Koura,Liban-Nord
Bsatine (Aaley),Aaley,Mont-Liban
Bsatine (Fsiqine),Aakkar,Aakkar
Bsebaal,Zgharta,Liban-Nord
Bserrine,Aaley,Mont-Liban
Bsous,Aaley,Mont-Liban
Btaaboura,Koura,Liban-Nord
Btalloun,Aaley,Mont-Liban
Btater,Aaley,Mont-Liban
Btedaai,Baalbek,Baalbek-Hermel
Bteddine El Liqch,Jezzine,Liban-Sud
Bteghrine,Matn,Mont-Liban
Btekhnay,Baabda,Mont-Liban
Btermaz,Minieh-Danniyeh,Liban-Nord
Bterram,Koura,Liban-Nord
Btibyat,Baabda,Mont-Liban
Btouratij,Koura,Liban-Nord
Byaqout,Matn,Mont-Liban
Bzal,Aakkar,Aakkar
Bzebdine,Baabda,Mont-Liban
Bziza,Koura,Liban-Nord
Bzoummar,Kesrouane,Kesrouane Al Fatouh-Jbeil
Chaaitiyeh,Sour,Liban-Sud
Chaat,Baalbek,Baalbek-Hermel
Chabriha,Sour,Liban-Sud
Chadra,Aakkar,Aakkar
Chahtoul,Kesrouane,Kesrouane Al Fatouh-Jbeil
Chamaa,Sour,Liban-Sud
Chamate,Jbeil,Kesrouane Al Fatouh-Jbeil
Chammis,Chouf,Mont-Liban
Chanay,Aaley,Mont-Liban
Chane,Aakkar,Aakkar
Chaouiyeh El Qnaytra,Matn,Mont-Liban
Chaqdouf (Aakkar),Aakkar,Aakkar
Chaqra,Bent Jbeil,Nabatiyeh
Charbila,Aakkar,Aakkar
Charbine El Hermel,Hermel,Baalbek-Hermel
Charoun,Aaley,Mont-Liban
Charqiyeh,Nabatiyeh,Nabatiyeh
Chartoun,Aaley,Mont-Liban
Chatine,Batroun,Liban-Nord
Chbaniyeh,Baabda,Mont-Liban
Chebaa,Hasbaiya,Nabatiyeh
Chebrqiyet Aammiq,Beqaa Ouest,Beqaa
Chehabiyeh,Sour,Liban-Sud
Chehour,Sour,Liban-Sud
Cheikh Aayache (Aakkar),Aakkar,Aakkar
Cheikh Mohammad,Aakkar,Aakkar
Cheikh Taba,Aakkar,Aakkar
Cheikh Zennad,Aakkar,Aakkar
Cheikhlar,Aakkar,Aakkar
Chekka,Batroun,Liban-Nord
Chhim,Chouf,Mont-Liban
Chibtine,Batroun,Liban-Nord
Chihine,Sour,Liban-Sud
Chikhane,Jbeil,Kesrouane Al Fatouh-Jbeil
Chimlane,Aaley,Mont-Liban
Chiyah,Baabda,Mont-Liban
Chlifa,Baalbek,Baalbek-Hermel
Chmistar,Baalbek,Baalbek-Hermel
Chmout,Jbeil,Kesrouane Al Fatouh-Jbeil
Chnanaair,Kesrouane,Kesrouane Al Fatouh-Jbeil
Chouaghir El Faouqa,Hermel,Baalbek-Hermel
Chouaghir Et Tahta,Hermel,Baalbek-Hermel
Choualiq,Jezzine,Liban-Sud
Chouane,Kesrouane,Kesrouane Al Fatouh-Jbeil
Chouaya,Hasbaiya,Nabatiyeh
Chouaya,Matn,Mont-Liban
Choueifat,Aaley,Mont-Liban
Choueir,Matn,Mont-Liban
Chouit,Baabda,Mont-Liban
Choukine,Nabatiyeh,Nabatiyeh
Chourit,Chouf,Mont-Liban
Chqedif,Jezzine,Liban-Sud
Chrine,Matn,Mont-Liban
Chtaura,Zahleh,Beqaa
Daael,Batroun,Liban-Nord
Daghleh,Aakkar,Aakkar
Dahr Abi Yaghi,Batroun,Liban-Nord
Dahr El Ahmar,Rachaiya,Beqaa
Dahr El Ain,Koura,Liban-Nord
Dahr El Hossein,Matn,Mont-Liban
Dahr El Mghara,Chouf,Mont-Liban
Dahr Es Souane,Matn,Mont-Liban
Dahr Laissineh,Aakkar,Aakkar
Dahr Qambar,Aakkar,Aakkar
Dakoueh,Beqaa Ouest,Beqaa
Dalhamiyeh,Zahleh,Beqaa
Dalhoun,Chouf,Mont-Liban
Damour,Chouf,Mont-Liban
Daoura (Aakkar),Aakkar,Aakkar
Daoussa,Aakkar,Aakkar
Daqqoun,Aaley,Mont-Liban
Dar Baaechtar,Koura,Liban-Nord
Dar Chmizzine,Koura,Liban-Nord
Dar El Ouassaa,Baalbek,Baalbek-Hermel
Daraaoun,Kesrouane,Kesrouane Al Fatouh-Jbeil
Daraiya (Chouf),Chouf,Mont-Liban
Daraiya (Kesrouane),Kesrouane,Kesrouane Al Fatouh-Jbeil
Daraiya (Zgharta),Zgharta,Liban-Nord
Darb Es Sim,Saida,Liban-Sud
Darine (Aakkar),Aakkar,Aakkar
Darya,Batroun,Liban-Nord
Daychouniyeh,Matn,Mont-Liban
Dayret En Nahr El Kabir (Khat Petrol),Aakkar,Aakkar
Dbayeh,Matn,Mont-Liban
Debaael,Minieh-Danniyeh,Liban-Nord
Debaal,Sour,Liban-Sud
Debl,Bent Jbeil,Nabatiyeh
Deddeh,Koura,Liban-Nord
Deir Aames,Sour,Liban-Sud
Deir Aammar,Minieh-Danniyeh,Liban-Nord
Deir Ain Ej Jaouzeh,Jbeil,Kesrouane Al Fatouh-Jbeil
Deir Baba,Chouf,Mont-Liban
Deir Billa,Batroun,Liban-Nord
Deir Chamra,Matn,Mont-Liban
Deir Dalloum,Aakkar,Aakkar
Deir Dourit,Chouf,Mont-Liban
Deir El Aachayer,Rachaiya,Beqaa
Deir El Ahmar,Baalbek,Baalbek-Hermel
Deir El Ghazal,Zahleh,Beqaa
Deir El Harf,Baabda,Mont-Liban
Deir El Qamar,Chouf,Mont-Liban
Deir El Qottara,Jbeil,Kesrouane Al Fatouh-Jbeil
Deir Ez Zahrani,Nabatiyeh,Nabatiyeh
Deir Jannine,Aakkar,Aakkar
Deir Khouna,Baabda,Mont-Liban
Deir Kifa (Sour),Sour,Liban-Sud
Deir Koucheh,Chouf,Mont-Liban
Deir Mar Elias Kahlouniyeh,Baabda,Mont-Liban
Deir Mar Roukoz,Matn,Mont-Liban
Deir Mimas,Marjaayoun,Nabatiyeh
Deir Nbouh,Minieh-Danniyeh,Liban-Nord
Deir Ntar,Bent Jbeil,Nabatiyeh
Deir Qanoun El Ain,Sour,Liban-Sud
Deir Qanoun En Nahr,Sour,Liban-Sud
Deir Qattine,Jezzine,Liban-Sud
Deir Qoubel,Aaley,Mont-Liban
Deir Siriane,Marjaayoun,Nabatiyeh
Deir Tahniche,Beqaa Ouest,Beqaa
Deir Tamich,Matn,Mont-Liban
Dekouaneh,Matn,Mont-Liban
Dellafi,Hasbaiya,Nabatiyeh
Derdghaya,Sour,Liban-Sud
Dfoun,Aaley,Mont-Liban
Dhayra,Sour,Liban-Sud
Dibbabiyeh Ech Charqiyeh,Aakkar,Aakkar
Dibbine,Marjaayoun,Nabatiyeh
Dibbiyeh,Chouf,Mont-Liban
Dik El Mehdi,Matn,Mont-Liban
Dimane,Bcharreh,Liban-Nord
Dlaybeh,Baabda,Mont-Liban
Dlebta,Kesrouane,Kesrouane Al Fatouh-Jbeil
Dmalsa,Jbeil,Kesrouane Al Fatouh-Jbeil
Dmit,Chouf,Mont-Liban
Douair,Nabatiyeh,Nabatiyeh
Douair Aadouiyeh,Aakkar,Aakkar
Douair Er Remmane,Aaley,Mont-Liban
Douar (Matn),Matn,Mont-Liban
Douma,Batroun,Liban-Nord
Douq,Batroun,Liban-Nord
Douris (Insar),Baalbek,Baalbek-Hermel
Eddeh,Jbeil,Kesrouane Al Fatouh-Jbeil
Eddeh (Batroun),Batroun,Liban-Nord
Ehden,Zgharta,Liban-Nord
Ehmej,Jbeil,Kesrouane Al Fatouh-Jbeil
Ejbaa,Zgharta,Liban-Nord
Enfeh,Koura,Liban-Nord
Erkay,Saida,Liban-Sud
Falougha,Baabda,Mont-Liban
Fanar,Matn,Mont-Liban
Faouarat Jaafar,Chouf,Mont-Liban
Faraya,Kesrouane,Kesrouane Al Fatouh-Jbeil
Fardh,Aakkar,Aakkar
Fardis,Hasbaiya,Nabatiyeh
Fatqa,Kesrouane,Kesrouane Al Fatouh-Jbeil
Fatreh,Jbeil,Kesrouane Al Fatouh-Jbeil
Fayadiyeh,Baabda,Mont-Liban
Faytroun,Kesrouane,Kesrouane Al Fatouh-Jbeil
Fekeheh,Baalbek,Baalbek-Hermel
Ferhet,Jbeil,Kesrouane Al Fatouh-Jbeil
Fghal,Jbeil,Kesrouane Al Fatouh-Jbeil
Fiaa,Koura,Liban-Nord
Fidar,Jbeil,Kesrouane Al Fatouh-Jbeil
Fissane,Hermel,Baalbek-Hermel
Flaoueh,Baalbek,Baalbek-Hermel
Fnaydeq,Aakkar,Aakkar
Fourzol,Zahleh,Beqaa
Frat,Jbeil,Kesrouane Al Fatouh-Jbeil
Fraydis (Aakkar),Aakkar,Aakkar
Fraydis (Chouf),Chouf,Mont-Liban
Fraykeh,Matn,Mont-Liban
Froun,Bent Jbeil,Nabatiyeh
Ftahat,Batroun,Liban-Nord
Furn Ech Chebbak,Baabda,Mont-Liban
Ghabat,Kesrouane,Kesrouane Al Fatouh-Jbeil
Ghabbatiyeh,Jezzine,Liban-Sud
Ghabeh,Matn,Mont-Liban
Ghabet Bolonia,Matn,Mont-Liban
Ghaboun,Aaley,Mont-Liban
Ghalboun,Jbeil,Kesrouane Al Fatouh-Jbeil
Ghandouriyeh,Bent Jbeil,Nabatiyeh
Gharifeh,Chouf,Mont-Liban
Gharzouz,Jbeil,Kesrouane Al Fatouh-Jbeil
Ghassaniyeh,Saida,Liban-Sud
Ghazir,Kesrouane,Kesrouane Al Fatouh-Jbeil
Ghaziyeh,Saida,Liban-Sud
Ghazzeh,Beqaa Ouest,Beqaa
Ghbaleh,Kesrouane,Kesrouane Al Fatouh-Jbeil
Ghbayreh,Baabda,Mont-Liban
Ghidras,Kesrouane,Kesrouane Al Fatouh-Jbeil
Ghineh,Kesrouane,Kesrouane Al Fatouh-Jbeil
Ghorfine,Jbeil,Kesrouane Al Fatouh-Jbeil
Ghosta,Kesrouane,Kesrouane Al Fatouh-Jbeil
Ghouma,Batroun,Liban-Nord
Ghzayleh,Aakkar,Aakkar
Habbouch,Nabatiyeh,Nabatiyeh
Habchit (Aakkar),Aakkar,Aakkar
Habil,Jbeil,Kesrouane Al Fatouh-Jbeil
Habramoun,Aaley,Mont-Liban
Hadath (Baabda),Baabda,Mont-Liban
Hadath (Baalbek),Baalbek,Baalbek-Hermel
Hadath Ej Joubbeh,Bcharreh,Liban-Nord
Hadchit,Bcharreh,Liban-Nord
Haddatha,Bent Jbeil,Nabatiyeh
Hadtoun,Batroun,Liban-Nord
Hailane,Zgharta,Liban-Nord
Hajjeh,Saida,Liban-Sud
Hakour,Aakkar,Aakkar
Halate,Jbeil,Kesrouane Al Fatouh-Jbeil
Halba,Aakkar,Aakkar
Halloussiyeh,Sour,Liban-Sud
Ham,Baalbek,Baalbek-Hermel
Hamat,Batroun,Liban-Nord
Hammana,Baabda,Mont-Liban
Hanaouay (Sour),Sour,Liban-Sud
Hanine,Bent Jbeil,Nabatiyeh
Haouara,Minieh-Danniyeh,Liban-Nord
Haouch Barada,Baalbek,Baalbek-Hermel
Haouch Ed Dahab,Baalbek,Baalbek-Hermel
Haouch El Ghanam,Zahleh,Beqaa
Haouch El Harimeh,Beqaa Ouest,Beqaa
Haouch El Qinnaabeh (Rachaiya),Rachaiya,Beqaa
Haouch En Nabi,Baalbek,Baalbek-Hermel
Haouch Er Rafqa,Baalbek,Baalbek-Hermel
Haouch Es Sayed Aali,Hermel,Baalbek-Hermel
Haouch Hala,Zahleh,Beqaa
Haouch Snaid,Baalbek,Baalbek-Hermel
Haouch Tall Safiyeh,Baalbek,Baalbek-Hermel
Haouchab,Aakkar,Aakkar
Haour Taala,Baalbek,Baalbek-Hermel
Haqel,Jbeil,Kesrouane Al Fatouh-Jbeil
Haql El Aazimeh,Minieh-Danniyeh,Liban-Nord
Harbata,Baalbek,Baalbek-Hermel
Harbouna,Batroun,Liban-Nord
Hardine,Batroun,Liban-Nord
Haret Baassir,Chouf,Mont-Liban
Haret El Botm,Baabda,Mont-Liban
Haret El Faouar,Zgharta,Liban-Nord
Haret El Fikani,Zahleh,Beqaa
Haret El Khasseh,Koura,Liban-Nord
Haret El Maasser,Hermel,Baalbek-Hermel
Haret En Naameh,Chouf,Mont-Liban
Haret Es Sitt,Baabda,Mont-Liban
Haret Hamzeh,Baabda,Mont-Liban
Haret Hreik,Baabda,Mont-Liban
Haret Jandal,Chouf,Mont-Liban
Haret Saida,Saida,Liban-Sud
Harf,Jezzine,Liban-Sud
Harf (Ardeh),Zgharta,Liban-Nord
Harf (Miziara),Zgharta,Liban-Nord
Harf Es Sayad,Minieh-Danniyeh,Liban-Nord
Harfouch,Baalbek,Baalbek-Hermel
Harharaya,Kesrouane,Kesrouane Al Fatouh-Jbeil
Harimeh Es Soughra,Beqaa Ouest,Beqaa
Hariq Zgharta,Zgharta,Liban-Nord
Hariqa (Hermel),Hermel,Baalbek-Hermel
Hariss,Bent Jbeil,Nabatiyeh
Harissa,Kesrouane,Kesrouane Al Fatouh-Jbeil
Harouf,Nabatiyeh,Nabatiyeh
Hasbaiya,Hasbaiya,Nabatiyeh
Hasbaiya El Matn,Baabda,Mont-Liban
Hasroun,Bcharreh,Liban-Nord
Hasrout,Chouf,Mont-Liban
Hassaniyeh,Jezzine,Liban-Sud
Hayata,Kesrouane,Kesrouane Al Fatouh-Jbeil
Hayssa,Aakkar,Aakkar
Haytla (Aakkar),Aakkar,Aakkar
Haytouleh,Jezzine,Liban-Sud
Haytoura,Jezzine,Liban-Sud
Hayzouq,Aakkar,Aakkar
Hazerta,Zahleh,Beqaa
Hazmiyeh (Baabda),Baabda,Mont-Liban
Hazmiyeh (Minieh-Danniyeh),Minieh-Danniyeh,Liban-Nord
Hbaline,Kesrouane,Kesrouane Al Fatouh-Jbeil
Hdayneh,Jbeil,Kesrouane Al Fatouh-Jbeil
Hebbariyeh,Hasbaiya,Nabatiyeh
Heloueh,Rachaiya,Beqaa
Henniyeh,Sour,Liban-Sud
Heri,Batroun,Liban-Nord
Hermel,Hermel,Baalbek-Hermel
Hichi,Aakkar,Aakkar
Hidab,Jezzine,Liban-Sud
Hilta,Batroun,Liban-Nord
Himlaya,Matn,Mont-Liban
Hizzine,Baalbek,Baalbek-Hermel
Hjoula,Jbeil,Kesrouane Al Fatouh-Jbeil
Hlabta,Baalbek,Baalbek-Hermel
Hlaliyeh (Baabda),Baabda,Mont-Liban
Hlaliyeh (Saida),Saida,Liban-Sud
Hmaireh (Aakkar),Aakkar,Aakkar
Hmaireh (Hermel),Hermel,Baalbek-Hermel
Hmairi,Sour,Liban-Sud
Hmaiss,Zgharta,Liban-Nord
Hnaider,Aakkar,Aakkar
Hokr Ech Cheikh Taba,Aakkar,Aakkar
Hokr Ed Dahri,Aakkar,Aakkar
Homsiyeh,Jezzine,Liban-Sud
Hosrayel,Jbeil,Kesrouane Al Fatouh-Jbeil
Houaich,Aakkar,Aakkar
Houla,Marjaayoun,Nabatiyeh
Houmal,Aaley,Mont-Liban
Houmine El Faouqa,Nabatiyeh,Nabatiyeh
Houmine Et Tahta,Nabatiyeh,Nabatiyeh
Hrajel,Kesrouane,Kesrouane Al Fatouh-Jbeil
Hrar,Aakkar,Aakkar
Hsarat,Jbeil,Kesrouane Al Fatouh-Jbeil
Hsayn,Kesrouane,Kesrouane Al Fatouh-Jbeil
Hsoun,Jbeil,Kesrouane Al Fatouh-Jbeil
Iaal,Zgharta,Liban-Nord
Iaat,Baalbek,Baalbek-Hermel
Ibl Es Saqi,Marjaayoun,Nabatiyeh
Ighbeh,Kesrouane,Kesrouane Al Fatouh-Jbeil
Ighmid,Aaley,Mont-Liban
Ijdaabrine,Koura,Liban-Nord
Ijdabra,Batroun,Liban-Nord
Ilat,Aakkar,Aakkar
Insar,Nabatiyeh,Nabatiyeh
Insariyeh,Saida,Liban-Sud
Izal,Minieh-Danniyeh,Liban-Nord
Jaaita,Kesrouane,Kesrouane Al Fatouh-Jbeil
Jabbouleh,Baalbek,Baalbek-Hermel
Jadra,Chouf,Mont-Liban
Jahliyeh,Chouf,Mont-Liban
Jaj,Jbeil,Kesrouane Al Fatouh-Jbeil
Jalala,Zahleh,Beqaa
Jall Ed Dib,Matn,Mont-Liban
Janneh,Jbeil,Kesrouane Al Fatouh-Jbeil
Jarjouaa,Nabatiyeh,Nabatiyeh
Jarmaq,Jezzine,Liban-Sud
Jayroun,Minieh-Danniyeh,Liban-Nord
Jazira (Beqaa Ouest),Beqaa Ouest,Beqaa
Jbaa,Nabatiyeh,Nabatiyeh
Jbaa (Chouf),Chouf,Mont-Liban
Jbal El Botm,Sour,Liban-Sud
Jbeil,Jbeil,Kesrouane Al Fatouh-Jbeil
Jdaideh (Chouf),Chouf,Mont-Liban
Jdaideh (Marjaayoun),Marjaayoun,Nabatiyeh
Jdaidet Ej Joumeh,Aakkar,Aakkar
Jdaidet El Fekeheh,Baalbek,Baalbek-Hermel
Jdaidet El Matn,Matn,Mont-Liban
Jdaidet El Qayteaa,Aakkar,Aakkar
Jdaidet Ghazir,Kesrouane,Kesrouane Al Fatouh-Jbeil
Jdita,Zahleh,Beqaa
Jebaa,Baalbek,Baalbek-Hermel
Jebla,Batroun,Liban-Nord
Jebrayel (Aakkar),Aakkar,Aakkar
Jeddayel,Jbeil,Kesrouane Al Fatouh-Jbeil
Jennata,Sour,Liban-Sud
Jenta,Baalbek,Baalbek-Hermel
Jernaya,Jezzine,Liban-Sud
Jezzine,Jezzine,Liban-Sud
Jibbain,Sour,Liban-Sud
Jibchit,Nabatiyeh,Nabatiyeh
Jisr El Qadi,Aaley,Mont-Liban
Jiyeh,Chouf,Mont-Liban
Jleiliyeh,Chouf,Mont-Liban
Jlisseh,Jbeil,Kesrouane Al Fatouh-Jbeil
Jmaijmeh,Bent Jbeil,Nabatiyeh
Jmailiyeh,Chouf,Mont-Liban
Jouaiya,Sour,Liban-Sud
Jouar,Matn,Mont-Liban
Jouar El Hachich,Hermel,Baalbek-Hermel
Jouar El Haouz,Baabda,Mont-Liban
Joubb Jannine,Beqaa Ouest,Beqaa
Joubbaniyeh,Baalbek,Baalbek-Hermel
Joun,Chouf,Mont-Liban
Jounieh,Kesrouane,Kesrouane Al Fatouh-Jbeil
Jouret Arsoun,Baabda,Mont-Liban
Jouret Bedrane,Kesrouane,Kesrouane Al Fatouh-Jbeil
Jouret El Ballout,Matn,Mont-Liban
Jouret Et Termos,Kesrouane,Kesrouane Al Fatouh-Jbeil
Jouret Mhad,Kesrouane,Kesrouane Al Fatouh-Jbeil
Jrabta,Batroun,Liban-Nord
Jrane,Batroun,Liban-Nord
Kaff El Malloul,Minieh-Danniyeh,Liban-Nord
Kafr,Jbeil,Kesrouane Al Fatouh-Jbeil
Kafra (Bent Jbeil),Bent Jbeil,Nabatiyeh
Kaftoun,Koura,Liban-Nord
Kahhaleh,Aaley,Mont-Liban
Kahlouniyeh (Chouf),Chouf,Mont-Liban
Kamed El Laouz,Beqaa Ouest,Beqaa
Kaoukaba,Hasbaiya,Nabatiyeh
Kaoukaba (Rachaiya),Rachaiya,Beqaa
Kaouthariyet Es Siyad,Saida,Liban-Sud
Karkha,Jezzine,Liban-Sud
Karm Aasfour,Aakkar,Aakkar
Karm El Mohr,Minieh-Danniyeh,Liban-Nord
Karm Saddeh,Zgharta,Liban-Nord
Karm Zebdine,Aakkar,Aakkar
Karmeh (Qommol),Zahleh,Beqaa
Kefraiya (Beqaa Ouest),Beqaa Ouest,Beqaa
Kefraiya (Koura),Koura,Liban-Nord
Kefraiya (Saida),Saida,Liban-Sud
Kefraiya (Zgharta),Zgharta,Liban-Nord
Ketermaya,Chouf,Mont-Liban
Keyfoun,Aaley,Mont-Liban
Kfar Aabida,Batroun,Liban-Nord
Kfar Aammay,Aaley,Mont-Liban
Kfar Aaqab,Matn,Mont-Liban
Kfar Aaqqa,Koura,Liban-Nord
Kfar Baal,Jbeil,Kesrouane Al Fatouh-Jbeil
Kfar Bebnine,Minieh-Danniyeh,Liban-Nord
Kfar Beit,Saida,Liban-Sud
Kfar Chakhna,Zgharta,Liban-Nord
Kfar Chellal (Saida),Saida,Liban-Sud
Kfar Chellane (Minieh-Danniyeh),Minieh-Danniyeh,Liban-Nord
Kfar Chima,Baabda,Mont-Liban
Kfar Chouba,Hasbaiya,Nabatiyeh
Kfar Dabach,Baalbek,Baalbek-Hermel
Kfar Dane,Baalbek,Baalbek-Hermel
Kfar Denis,Rachaiya,Beqaa
Kfar Dibiane,Kesrouane,Kesrouane Al Fatouh-Jbeil
Kfar Dlaqous,Zgharta,Liban-Nord
Kfar Dounine,Bent Jbeil,Nabatiyeh
Kfar Falous,Jezzine,Liban-Sud
Kfar Faqoud,Chouf,Mont-Liban
Kfar Fila,Nabatiyeh,Nabatiyeh
Kfar Fou,Zgharta,Liban-Nord
Kfar Habou,Minieh-Danniyeh,Liban-Nord
Kfar Hamam,Hasbaiya,Nabatiyeh
Kfar Haoura,Zgharta,Liban-Nord
Kfar Harra,Aakkar,Aakkar
Kfar Hata (Koura),Koura,Liban-Nord
Kfar Hata (Zgharta),Zgharta,Liban-Nord
Kfar Hatna,Batroun,Liban-Nord
Kfar Hatta,Saida,Liban-Sud
Kfar Hay,Batroun,Liban-Nord
Kfar Hay (Chouf),Chouf,Mont-Liban
Kfar Hazir,Koura,Liban-Nord
Kfar Hilda,Batroun,Liban-Nord
Kfar Him,Chouf,Mont-Liban
Kfar Houneh,Jezzine,Liban-Sud
Kfar Jarra,Jezzine,Liban-Sud
Kfar Jrayf,Kesrouane,Kesrouane Al Fatouh-Jbeil
Kfar Kiddeh,Jbeil,Kesrouane Al Fatouh-Jbeil
Kfar Kila,Marjaayoun,Nabatiyeh
Kfar Masshoun,Jbeil,Kesrouane Al Fatouh-Jbeil
Kfar Matta,Aaley,Mont-Liban
Kfar Melki (Aakkar),Aakkar,Aakkar
Kfar Melki (Saida),Saida,Liban-Sud
Kfar Michki,Rachaiya,Beqaa
Kfar Nabrakh,Chouf,Mont-Liban
Kfar Niss,Chouf,Mont-Liban
Kfar Noun,Aakkar,Aakkar
Kfar Qahel,Koura,Liban-Nord
Kfar Qatra,Chouf,Mont-Liban
Kfar Qouq,Rachaiya,Beqaa
Kfar Roummane,Nabatiyeh,Nabatiyeh
Kfar Saroun (Koura),Koura,Liban-Nord
Kfar Selouane,Baabda,Mont-Liban
Kfar Sghab,Zgharta,Liban-Nord
Kfar Shlaimane,Batroun,Liban-Nord
Kfar Sir,Nabatiyeh,Nabatiyeh
Kfar Taala,Jezzine,Liban-Sud
Kfar Tay,Kesrouane,Kesrouane Al Fatouh-Jbeil
Kfar Tay (Matn),Matn,Mont-Liban
Kfar Tibnit,Nabatiyeh,Nabatiyeh
Kfar Toun,Aakkar,Aakkar
Kfar Yachit,Zgharta,Liban-Nord
Kfar Yassine,Kesrouane,Kesrouane Al Fatouh-Jbeil
Kfar Zabad,Zahleh,Beqaa
Kfar Zeina,Zgharta,Liban-Nord
Kfayr Ez Zait,Hasbaiya,Nabatiyeh
Kfifane,Batroun,Liban-Nord
Kfoun,Jbeil,Kesrouane Al Fatouh-Jbeil
Kfour,Nabatiyeh,Nabatiyeh
Kfour,Kesrouane,Kesrouane Al Fatouh-Jbeil
Kfour El Aarbi,Batroun,Liban-Nord
Khallet El Mtain,Matn,Mont-Liban
Khalouat,Hasbaiya,Nabatiyeh
Khalouat Falougha,Baabda,Mont-Liban
Kharayeb (Hermel),Hermel,Baalbek-Hermel
Kharayeb (Saida),Saida,Liban-Sud
Kharbet,Jbeil,Kesrouane Al Fatouh-Jbeil
Kharnoub,Minieh-Danniyeh,Liban-Nord
Khartoum,Saida,Liban-Sud
Khiara,Beqaa Ouest,Beqaa
Khiara El Aatiqa,Beqaa Ouest,Beqaa
Khinchara,Matn,Mont-Liban
Khirbet Bisri,Chouf,Mont-Liban
Khirbet Char,Aakkar,Aakkar
Khirbet Daoud (Aakkar),Aakkar,Aakkar
Khirbet Qanafar,Beqaa Ouest,Beqaa
Khirbet Rouha,Rachaiya,Beqaa
Khirbet Selm,Bent Jbeil,Nabatiyeh
Khiyam,Marjaayoun,Nabatiyeh
Khodr (Baalbek),Baalbek,Baalbek-Hermel
Khreibeh,Aakkar,Aakkar
Khreibeh (Baabda),Baabda,Mont-Liban
Khreibeh (Baalbek),Baalbek,Baalbek-Hermel
Khreibeh (Chouf),Chouf,Mont-Liban
Khreibet Ej Jindi,Aakkar,Aakkar
Khzaiz,Saida,Liban-Sud
Klilayeh,Chouf,Mont-Liban
Kneisseh,Sour,Liban-Sud
Kneisseh (Aakkar),Aakkar,Aakkar
Kneisseh (Baabda),Baabda,Mont-Liban
Kneisseh (Baalbek),Baalbek,Baalbek-Hermel
Kneisseh (Chouf),Chouf,Mont-Liban
Kouachra,Aakkar,Aakkar
Kouakh,Hermel,Baalbek-Hermel
Koubba,Batroun,Liban-Nord
Koucha,Aakkar,Aakkar
Koueikhat,Aakkar,Aakkar
Kounine,Bent Jbeil,Nabatiyeh
Kour,Batroun,Liban-Nord
Kousba,Koura,Liban-Nord
Kroum Aarab,Aakkar,Aakkar
Laboueh,Baalbek,Baalbek-Hermel
Lala,Beqaa Ouest,Beqaa
Laqlouq,Jbeil,Kesrouane Al Fatouh-Jbeil
Lassa,Jbeil,Kesrouane Al Fatouh-Jbeil
Laylakeh,Baabda,Mont-Liban
Lebaa,Jezzine,Liban-Sud
Lehfed,Jbeil,Kesrouane Al Fatouh-Jbeil
Libbaya,Beqaa Ouest,Beqaa
Louayzeh,Baabda,Mont-Liban
Louayzeh (Jezzine),Jezzine,Liban-Sud
Loubieh,Saida,Liban-Sud
Loussia,Beqaa Ouest,Beqaa
Maad,Jbeil,Kesrouane Al Fatouh-Jbeil
Maamariyeh,Saida,Liban-Sud
Maaniyeh,Chouf,Mont-Liban
Maarab,Kesrouane,Kesrouane Al Fatouh-Jbeil
Maaraboun,Baalbek,Baalbek-Hermel
Maarakeh,Sour,Liban-Sud
Maaroub,Sour,Liban-Sud
Maasriti,Aaley,Mont-Liban
Maasser Beit Ed Dine,Chouf,Mont-Liban
Maasser Ech Chouf,Chouf,Mont-Liban
Maaysra,Kesrouane,Kesrouane Al Fatouh-Jbeil
Maaysra (Hermel),Hermel,Baalbek-Hermel
Machghara,Beqaa Ouest,Beqaa
Machha,Aakkar,Aakkar
Machmoucheh,Jezzine,Liban-Sud
Machrah,Matn,Mont-Liban
Machta Hammoud,Aakkar,Aakkar
Machta Hassan,Aakkar,Aakkar
Maghdoucheh,Saida,Liban-Sud
Mahrouna,Sour,Liban-Sud
Majdala (Aakkar),Aakkar,Aakkar
Majdaloun,Baalbek,Baalbek-Hermel
Majdalouna,Chouf,Mont-Liban
Majdel,Jbeil,Kesrouane Al Fatouh-Jbeil
Majdel (Koura),Koura,Liban-Nord
Majdel Aakkar,Aakkar,Aakkar
Majdel Aanjar,Zahleh,Beqaa
Majdel Baana,Aaley,Mont-Liban
Majdel Balhis,Rachaiya,Beqaa
Majdel El Meouch,Chouf,Mont-Liban
Majdel Selm,Marjaayoun,Nabatiyeh
Majdel Tarchich,Matn,Mont-Liban
Majdel Zoun,Sour,Liban-Sud
Majdelyoun,Saida,Liban-Sud
Majidiyeh,Hasbaiya,Nabatiyeh
Majzoub,Matn,Mont-Liban
Maknouniyeh,Jezzine,Liban-Sud
Makseh,Zahleh,Beqaa
Malkiyet Es Sahel,Sour,Liban-Sud
Manara-Hammara,Beqaa Ouest,Beqaa
Mansoura (Beqaa Ouest),Beqaa Ouest,Beqaa
Mansouri,Sour,Liban-Sud
Mansouriyeh,Matn,Mont-Liban
Mansouriyeh (Aaley),Aaley,Mont-Liban
Maqneh,Baalbek,Baalbek-Hermel
Mar Boutros Karm Et Tine,Matn,Mont-Liban
Mar Chaaya,Matn,Mont-Liban
Mar Mama,Batroun,Liban-Nord
Mar Mikhayel Bnabil,Matn,Mont-Liban
Mar Moussa Ed Douar,Matn,Mont-Liban
Mar Sarkis,Jbeil,Kesrouane Al Fatouh-Jbeil
Mar Touma,Aakkar,Aakkar
Mar Youssef,Matn,Mont-Liban
Marj (Beqaa Ouest),Beqaa Ouest,Beqaa
Marj Barja,Chouf,Mont-Liban
Marj Ez Zouhour (Dnaibeh),Hasbaiya,Nabatiyeh
Marjaba,Matn,Mont-Liban
Marjiyat,Chouf,Mont-Liban
Markaba,Marjaayoun,Nabatiyeh
Markebta,Minieh-Danniyeh,Liban-Nord
Maroun Er Ras,Bent Jbeil,Nabatiyeh
Masnaa Ez Zohr,Baalbek,Baalbek-Hermel
Masqa,Matn,Mont-Liban
Masrah,Batroun,Liban-Nord
Massa,Zahleh,Beqaa
Massaaoudiyeh,Aakkar,Aakkar
Mayasseh,Matn,Mont-Liban
Maydoun,Beqaa Ouest,Beqaa
Mayfadoun,Nabatiyeh,Nabatiyeh
Mayfouq,Jbeil,Kesrouane Al Fatouh-Jbeil
Mayrouba,Kesrouane,Kesrouane Al Fatouh-Jbeil
Mazboud,Chouf,Mont-Liban
Mazmoura,Chouf,Mont-Liban
Mazraa (Chouf),Chouf,Mont-Liban
Mazraat Aartoussi,Minieh-Danniyeh,Liban-Nord
Mazraat Aassaf,Bcharreh,Liban-Nord
Mazraat Ain Ez Zarqa,Sour,Liban-Sud
Mazraat Al Souaydane,Baalbek,Baalbek-Hermel
Mazraat Baldeh,Aakkar,Aakkar
Mazraat Bani Saab,Bcharreh,Liban-Nord
Mazraat Beit Ghattas,Aakkar,Aakkar
Mazraat Beit Matar,Baalbek,Baalbek-Hermel
Mazraat Beit Mchaik,Baalbek,Baalbek-Hermel
Mazraat Beit Slaybi,Baalbek,Baalbek-Hermel
Mazraat Deir Aaoukar,Matn,Mont-Liban
Mazraat Ed Dahr,Chouf,Mont-Liban
Mazraat Ed Dallil,Baalbek,Baalbek-Hermel
Mazraat El Barghoutiyeh,Chouf,Mont-Liban
Mazraat El Fqih,Hermel,Baalbek-Hermel
Mazraat El Fradis,Zgharta,Liban-Nord
Mazraat El Hadira,Matn,Mont-Liban
Mazraat El Kreym,Minieh-Danniyeh,Liban-Nord
Mazraat El Mathane,Jezzine,Liban-Sud
Mazraat El Mechref,Sour,Liban-Sud
Mazraat El Qnaytra,Saida,Liban-Sud
Mazraat En Nahr,Zgharta,Liban-Nord
Mazraat En Nahr,Aaley,Mont-Liban
Mazraat En Nahriyeh,Aakkar,Aakkar
Mazraat Er Remassa,Baalbek,Baalbek-Hermel
Mazraat Es Sayed,Baalbek,Baalbek-Hermel
Mazraat Es Siyad,Jbeil,Kesrouane Al Fatouh-Jbeil
Mazraat Et Teffah,Zgharta,Liban-Nord
Mazraat Et Tout,Baalbek,Baalbek-Hermel
Mazraat Ez Zalloutieh,Sour,Liban-Sud
Mazraat Haouqa,Zgharta,Liban-Nord
Mazraat Jinjlaya,Saida,Liban-Sud
Mazraat Qold Es Sabaah,Baalbek,Baalbek-Hermel
Mazraat Sarada,Marjaayoun,Nabatiyeh
Mazraat Sejoud (Hermel),Hermel,Baalbek-Hermel
Mazraat Selsata,Rachaiya,Beqaa
Mazraat Yachouaa,Matn,Mont-Liban
Mchaa Ej Joubbeh,Bcharreh,Liban-Nord
Mchane,Jbeil,Kesrouane Al Fatouh-Jbeil
Mchaylha,Aakkar,Aakkar
Mchikha,Matn,Mont-Liban
Mdoukha,Rachaiya,Beqaa
Mecherfeh,Aaley,Mont-Liban
Mechmech,Jbeil,Kesrouane Al Fatouh-Jbeil
Mechmech (Aakkar),Aakkar,Aakkar
Mechref,Chouf,Mont-Liban
Mehmarch,Batroun,Liban-Nord
Meiss Ej Jabal,Marjaayoun,Nabatiyeh
Mejdlaiya (Aaley),Aaley,Mont-Liban
Mejdlaiya (Zgharta),Zgharta,Liban-Nord
Memneaa,Aakkar,Aakkar
Merdacheh,Baabda,Mont-Liban
Meri,Hasbaiya,Nabatiyeh
Merouahine,Sour,Liban-Sud
Merouaniyeh,Saida,Liban-Sud
Metrit,Koura,Liban-Nord
Mghayreh,Jbeil,Kesrouane Al Fatouh-Jbeil
Mghayriyeh,Chouf,Mont-Liban
Mhaibib,Marjaayoun,Nabatiyeh
Mhaiydseh,Matn,Mont-Liban
Mhaiydseh (Rachaiya),Rachaiya,Beqaa
Mhammara (Aakkar),Aakkar,Aakkar
Mharbiyeh,Jezzine,Liban-Sud
Midane,Jezzine,Liban-Sud
Mimess,Hasbaiya,Nabatiyeh
Mina,Tripoli,Liban-Nord
Minieh,Minieh-Danniyeh,Liban-Nord
Minyara,Aakkar,Aakkar
Miriata,Zgharta,Liban-Nord
Miyeh Ou Miyeh,Saida,Liban-Sud
Miziara,Zgharta,Liban-Nord
Mjadel,Sour,Liban-Sud
Mjeydil (Jezzine),Jezzine,Liban-Sud
Mkalles,Matn,Mont-Liban
Mlikh,Jezzine,Liban-Sud
Moghr El Ahoual,Bcharreh,Liban-Nord
Mohteqra,Chouf,Mont-Liban
Moqraq,Baalbek,Baalbek-Hermel
Moukhtara,Chouf,Mont-Liban
Mounjez,Aakkar,Aakkar
Mounsef,Jbeil,Kesrouane Al Fatouh-Jbeil
Mounseh,Aakkar,Aakkar
Mqaybleh,Aakkar,Aakkar
Mqayteaa,Aakkar,Aakkar
Mradiyeh,Kesrouane,Kesrouane Al Fatouh-Jbeil
Mrah Chdid,Batroun,Liban-Nord
Mrah El Habasse,Jezzine,Liban-Sud
Mrah El Hajj,Batroun,Liban-Nord
Mrah El Khaoukh (Akroum),Aakkar,Aakkar
Mrah El Qorneh,Hermel,Baalbek-Hermel
Mrah Es Sfireh,Minieh-Danniyeh,Liban-Nord
Mrah Es Souaisseh,Hermel,Baalbek-Hermel
Mrah Es Srayj,Minieh-Danniyeh,Liban-Nord
Mrah Ez Ziyat,Batroun,Liban-Nord
Mrah Ez Zouaitineh,Hermel,Baalbek-Hermel
Mrah Ras El Ain,Hermel,Baalbek-Hermel
Mrayjat,Aaley,Mont-Liban
Mrayjat (Zahleh),Zahleh,Beqaa
Mreijeh,Baabda,Mont-Liban
Mristi,Chouf,Mont-Liban
Mrouj,Matn,Mont-Liban
Mtain,Matn,Mont-Liban
Mtayleb,Matn,Mont-Liban
Mtolleh,Chouf,Mont-Liban
Mzarib,Jbeil,Kesrouane Al Fatouh-Jbeil
Naameh,Chouf,Mont-Liban
Nabatiyeh El Faouqa,Nabatiyeh,Nabatiyeh
Nabatiyeh Et Tahta,Nabatiyeh,Nabatiyeh
Nabay,Matn,Mont-Liban
Nabha Ed Damdoum,Baalbek,Baalbek-Hermel
Nabha El Mehfara,Baalbek,Baalbek-Hermel
Nabha El Qeddam,Baalbek,Baalbek-Hermel
Nabi Ayla,Zahleh,Beqaa
Nabi Chbat,Baalbek,Baalbek-Hermel
Nabi Chit,Baalbek,Baalbek-Hermel
Nabi Osmane,Baalbek,Baalbek-Hermel
Nabi Rchadeh,Baalbek,Baalbek-Hermel
Nabi Youcheaa,Minieh-Danniyeh,Liban-Nord
Naffakhiyeh,Sour,Liban-Sud
Nahla,Batroun,Liban-Nord
Nahleh (Baalbek),Baalbek,Baalbek-Hermel
Nahr Ed Dahab,Kesrouane,Kesrouane Al Fatouh-Jbeil
Nahr Ibrahim,Jbeil,Kesrouane Al Fatouh-Jbeil
Nahriyeh,Aakkar,Aakkar
Najjariyeh,Saida,Liban-Sud
Nakhleh,Koura,Liban-Nord
Nammoura,Kesrouane,Kesrouane Al Fatouh-Jbeil
Naqoura,Sour,Liban-Sud
Naqqach,Matn,Mont-Liban
Nasriyeh,Zahleh,Beqaa
Nfisseh,Aakkar,Aakkar
Niha,Chouf,Mont-Liban
Niha (Batroun),Batroun,Liban-Nord
Niha (Zahleh),Zahleh,Beqaa
Nimrine,Minieh-Danniyeh,Liban-Nord
Nmairiyeh,Nabatiyeh,Nabatiyeh
Nouqra,Baalbek,Baalbek-Hermel
Noura El Faouqa,Aakkar,Aakkar
Noura Et Tahta,Aakkar,Aakkar
Ouadi Baanqoudain,Jezzine,Liban-Sud
Ouadi Bnehlay,Chouf,Mont-Liban
Ouadi Bnit,Hermel,Baalbek-Hermel
Ouadi Chahine,Matn,Mont-Liban
Ouadi Chahrour El Aaoulia,Baabda,Mont-Liban
Ouadi Chahrour Es Soufla,Baabda,Mont-Liban
Ouadi Deir Dourit,Chouf,Mont-Liban
Ouadi Ed Deir,Chouf,Mont-Liban
Ouadi Ed Delm,Zahleh,Beqaa
Ouadi Ej Jamous,Aakkar,Aakkar
Ouadi El Aaoss,Hermel,Baalbek-Hermel
Ouadi El Haour,Aakkar,Aakkar
Ouadi El Karm,Matn,Mont-Liban
Ouadi El Karm (Hermel),Hermel,Baalbek-Hermel
Ouadi El Laymoun,Jezzine,Liban-Sud
Ouadi En Nahleh,Minieh-Danniyeh,Liban-Nord
Ouadi En Nayra,Hermel,Baalbek-Hermel
Ouadi Er Ratl,Hermel,Baalbek-Hermel
Ouadi Es Sitt,Chouf,Mont-Liban
Ouadi Et Tourkmane,Hermel,Baalbek-Hermel
Ouadi Faara,Baalbek,Baalbek-Hermel
Ouadi Jezzine,Jezzine,Liban-Sud
Ouadi Jilo,Sour,Liban-Sud
Ouadi Khaled,Aakkar,Aakkar
Ouadi Qannoubine,Bcharreh,Liban-Nord
Ouajh El Hajar,Batroun,Liban-Nord
Ouaqf (Beqaa Ouest),Beqaa Ouest,Beqaa
Ouardaniyeh,Chouf,Mont-Liban
Ouarhaniyeh,Chouf,Mont-Liban
Ouata Ej Jaouz,Kesrouane,Kesrouane Al Fatouh-Jbeil
Ouata El Mrouj,Matn,Mont-Liban
Ouata Houb,Batroun,Liban-Nord
Ouazzani,Marjaayoun,Nabatiyeh
Qaa Baalbek,Baalbek,Baalbek-Hermel
Qaa Er Rim,Zahleh,Beqaa
Qaabrine,Aakkar,Aakkar
Qaaqaaiyet Es Snaoubar,Saida,Liban-Sud
Qaaqaiyet Ej Jisr,Nabatiyeh,Nabatiyeh
Qaaqour,Matn,Mont-Liban
Qabaait,Aakkar,Aakkar
Qabb Elias,Zahleh,Beqaa
Qabrikha,Marjaayoun,Nabatiyeh
Qachlaq,Aakkar,Aakkar
Qadriyeh,Zgharta,Liban-Nord
Qahmez,Jbeil,Kesrouane Al Fatouh-Jbeil
Qalaa (Baabda),Baabda,Mont-Liban
Qalamoun,Tripoli,Liban-Nord
Qalaouiyeh,Bent Jbeil,Nabatiyeh
Qalhat,Koura,Liban-Nord
Qalileh (Nabha),Baalbek,Baalbek-Hermel
Qana,Sour,Liban-Sud
Qanafez,Hermel,Baalbek-Hermel
Qandoula,Batroun,Liban-Nord
Qantara,Marjaayoun,Nabatiyeh
Qantara (Aakkar),Aakkar,Aakkar
Qaouzah,Bent Jbeil,Nabatiyeh
Qaraaoun,Beqaa Ouest,Beqaa
Qarah Bach,Zgharta,Liban-Nord
Qarha (Aakkar),Aakkar,Aakkar
Qarha (Baalbek),Baalbek,Baalbek-Hermel
Qarhaiya,Minieh-Danniyeh,Liban-Nord
Qarqaf,Aakkar,Aakkar
Qarsaita,Minieh-Danniyeh,Liban-Nord
Qartaba,Jbeil,Kesrouane Al Fatouh-Jbeil
Qasr (Hermel),Hermel,Baalbek-Hermel
Qatrani,Jezzine,Liban-Sud
Qattine,Kesrouane,Kesrouane Al Fatouh-Jbeil
Qattine (Minieh-Danniyeh),Minieh-Danniyeh,Liban-Nord
Qaytouli,Jezzine,Liban-Sud
Qbaiyat (Aakkar),Aakkar,Aakkar
Qboula,Aakkar,Aakkar
Qelaya,Beqaa Ouest,Beqaa
Qemmamine,Minieh-Danniyeh,Liban-Nord
Qenia,Aakkar,Aakkar
Qennabet Broummana,Matn,Mont-Liban
Qennabet Salima,Matn,Mont-Liban
Qennarit,Saida,Liban-Sud
Qlaiaa (Marjaayoun),Marjaayoun,Nabatiyeh
Qlaileh,Sour,Liban-Sud
Qleiaat,Kesrouane,Kesrouane Al Fatouh-Jbeil
Qleiaat (Aakkar),Aakkar,Aakkar
Qloud El Baqieh,Aakkar,Aakkar
Qmatiyeh,Aaley,Mont-Liban
Qnat,Bcharreh,Liban-Nord
Qnayouer,Bcharreh,Liban-Nord
Qobbayaa,Baabda,Mont-Liban
Qornayel,Baabda,Mont-Liban
Qorneh (Aakkar),Aakkar,Aakkar
Qornet Chehouane,Matn,Mont-Liban
Qornet El Hamra,Matn,Mont-Liban
Qorqraiya,Jbeil,Kesrouane Al Fatouh-Jbeil
Qortada,Baabda,Mont-Liban
Qottara,Jbeil,Kesrouane Al Fatouh-Jbeil
Qoubbet Chamra,Aakkar,Aakkar
Qoussair,Marjaayoun,Nabatiyeh
Qoussaya,Zahleh,Beqaa
Qraiyat (Aakkar),Aakkar,Aakkar
Qraiyeh,Saida,Liban-Sud
Qrayeh (Baabda),Baabda,Mont-Liban
Qsaibeh,Nabatiyeh,Nabatiyeh
Qsaibeh (Baabda),Baabda,Mont-Liban
Qsarnaba,Baalbek,Baalbek-Hermel
Qtaleh (Baabda),Baabda,Mont-Liban
Qtaleh (Jezzine),Jezzine,Liban-Sud
Raachine,Kesrouane,Kesrouane Al Fatouh-Jbeil
Raait,Zahleh,Beqaa
Rabb Et Talatine,Marjaayoun,Nabatiyeh
Rabiyeh,Matn,Mont-Liban
Racha,Batroun,Liban-Nord
Rachaaine,Zgharta,Liban-Nord
Rachaf,Bent Jbeil,Nabatiyeh
Rachaiya,Rachaiya,Beqaa
Rachaiya El Foukhar,Hasbaiya,Nabatiyeh
Rachana,Batroun,Liban-Nord
Rachkida,Batroun,Liban-Nord
Rachkiddeh,Batroun,Liban-Nord
Rafid (Rachaiya),Rachaiya,Beqaa
Rahbeh,Aakkar,Aakkar
Ram,Batroun,Liban-Nord
Ram (Baalbek),Baalbek,Baalbek-Hermel
Rama,Aakkar,Aakkar
Ramiyeh,Bent Jbeil,Nabatiyeh
Ramlieh,Aaley,Mont-Liban
Ramoute,Jbeil,Kesrouane Al Fatouh-Jbeil
Raouda (Istabel),Beqaa Ouest,Beqaa
Raouda (Minieh-Danniyeh),Minieh-Danniyeh,Liban-Nord
Ras Baalbek Ech Charqi,Baalbek,Baalbek-Hermel
Ras El Harf,Baabda,Mont-Liban
Ras El Matn,Baabda,Mont-Liban
Ras Kifa,Zgharta,Liban-Nord
Ras Masqa,Koura,Liban-Nord
Ras Nahhach,Batroun,Liban-Nord
Ras Osta,Jbeil,Kesrouane Al Fatouh-Jbeil
Rayfoun,Kesrouane,Kesrouane Al Fatouh-Jbeil
Rechdibbine,Koura,Liban-Nord
Recheknanay,Sour,Liban-Sud
Richmaiya,Aaley,Mont-Liban
Riha,Baalbek,Baalbek-Hermel
Rihane (Jezzine),Jezzine,Liban-Sud
Rihaneh,Jbeil,Kesrouane Al Fatouh-Jbeil
Rihaniyeh,Minieh-Danniyeh,Liban-Nord
Rihaniyeh (Aakkar),Aakkar,Aakkar
Rijmeh,Aaley,Mont-Liban
Rimat,Jezzine,Liban-Sud
Rimhala,Aaley,Mont-Liban
Riyaq,Zahleh,Beqaa
Rmadiyeh,Sour,Liban-Sud
Rmah,Aakkar,Aakkar
Rmaych (Bent Jbeil),Bent Jbeil,Nabatiyeh
Rmeileh (Chouf),Chouf,Mont-Liban
Rmoul,Aakkar,Aakkar
Rouaiss,Jbeil,Kesrouane Al Fatouh-Jbeil
Rouaysset El Ballout,Baabda,Mont-Liban
Rouaysset En Naamane,Aaley,Mont-Liban
Roum,Jezzine,Liban-Sud
Roumieh,Matn,Mont-Liban
Roumine,Nabatiyeh,Nabatiyeh
Saadine,Aakkar,Aakkar
Saadnayel,Zahleh,Beqaa
Saaideh,Baalbek,Baalbek-Hermel
Sabbah,Jezzine,Liban-Sud
Sadd El Baouchriyeh,Matn,Mont-Liban
Saddiqine,Sour,Liban-Sud
Safad El Battikh,Bent Jbeil,Nabatiyeh
Safra,Kesrouane,Kesrouane Al Fatouh-Jbeil
Safra (Bechouat),Baalbek,Baalbek-Hermel
Saghbine,Beqaa Ouest,Beqaa
Sahlat El May,Hermel,Baalbek-Hermel
Sahleh,Aakkar,Aakkar
Saida,Saida,Liban-Sud
Sakhra,Zgharta,Liban-Nord
Saksakiyeh,Saida,Liban-Sud
Salhiyeh (Saida),Saida,Liban-Sud
Salima (Baabda),Baabda,Mont-Liban
Sammaqiyeh,Aakkar,Aakkar
Sammouniyeh,Aakkar,Aakkar
Saoufar,Aaley,Mont-Liban
Saouiri,Beqaa Ouest,Beqaa
Saqi Richmaya,Jbeil,Kesrouane Al Fatouh-Jbeil
Saqiet El Khayt,Jbeil,Kesrouane Al Fatouh-Jbeil
Saqiet El Misk,Matn,Mont-Liban
Sarafand,Saida,Liban-Sud
Sarba,Nabatiyeh,Nabatiyeh
Sarhmoul,Aaley,Mont-Liban
Saydoun,Jezzine,Liban-Sud
Sayssouq,Aakkar,Aakkar
Sbouba,Baalbek,Baalbek-Hermel
Sebaal,Zgharta,Liban-Nord
Sehayleh,Kesrouane,Kesrouane Al Fatouh-Jbeil
Sejoud,Jezzine,Liban-Sud
Selaa,Sour,Liban-Sud
Selaata,Batroun,Liban-Nord
Selfaya,Aaley,Mont-Liban
Semmaqli,Aakkar,Aakkar
Semqaniyeh,Chouf,Mont-Liban
Seraaita,Jbeil,Kesrouane Al Fatouh-Jbeil
Seraal,Zgharta,Liban-Nord
Serraaine El Faouqa,Baalbek,Baalbek-Hermel
Serraaine Et Tahta,Baalbek,Baalbek-Hermel
Sfaileh (Baabdat),Matn,Mont-Liban
Sfaray,Jezzine,Liban-Sud
Sfinet Ed Draib,Aakkar,Aakkar
Sfinet El Qayteaa,Aakkar,Aakkar
Sfireh,Minieh-Danniyeh,Liban-Nord
Sghar,Batroun,Liban-Nord
Sibline,Chouf,Mont-Liban
Sibnay,Baabda,Mont-Liban
Sifri,Baalbek,Baalbek-Hermel
Sindianet Zeidane,Aakkar,Aakkar
Sinn El Fil,Matn,Mont-Liban
Sinneh,Nabatiyeh,Nabatiyeh
Sir,Minieh-Danniyeh,Liban-Nord
Sir El Gharbiyeh,Nabatiyeh,Nabatiyeh
Sirjbal,Chouf,Mont-Liban
Smaiyeh,Sour,Liban-Sud
Smar Jbeil,Batroun,Liban-Nord
Snaiya,Jezzine,Liban-Sud
Sohmor,Beqaa Ouest,Beqaa
Souaisset Aakkar,Aakkar,Aakkar
Souaneh,Jbeil,Kesrouane Al Fatouh-Jbeil
Souaneh (Marjaayoun),Marjaayoun,Nabatiyeh
Souaneh (Nabha Ed Damdoum),Baalbek,Baalbek-Hermel
Soultan Yaaqoub,Beqaa Ouest,Beqaa
Soultan Yaaqoub Aradi,Beqaa Ouest,Beqaa
Soultaniyeh,Bent Jbeil,Nabatiyeh
Souq El Gharb,Aaley,Mont-Liban
Sour,Sour,Liban-Sud
Sourat,Batroun,Liban-Nord
Srar,Aakkar,Aakkar
Srayri,Jezzine,Liban-Sud
Srifa,Sour,Liban-Sud
Srobbine,Bent Jbeil,Nabatiyeh
Taaid,Jezzine,Liban-Sud
Taalabaya,Zahleh,Beqaa
Taanayel,Zahleh,Beqaa
Taazaniyeh,Aaley,Mont-Liban
Tabarja,Kesrouane,Kesrouane Al Fatouh-Jbeil
Tacheaa,Aakkar,Aakkar
Tahouitat El Ghadir,Baabda,Mont-Liban
Tahouitet En Nahr,Baabda,Mont-Liban
Talia,Baalbek,Baalbek-Hermel
Tall Aabbas Ech Charqi,Aakkar,Aakkar
Tall Aabbas El Gharbi,Aakkar,Aakkar
Tall Bibi,Aakkar,Aakkar
Tall Bireh,Aakkar,Aakkar
Tall El Akhdar,Zahleh,Beqaa
Tall Hmayra,Aakkar,Aakkar
Tall Meaayane,Aakkar,Aakkar
Tallet Chattaha,Aakkar,Aakkar
Talloussa,Marjaayoun,Nabatiyeh
Tanbourit,Saida,Liban-Sud
Tannoura,Rachaiya,Beqaa
Tannourine El Faouqa,Batroun,Liban-Nord
Tannourine Et Tahta,Batroun,Liban-Nord
Taoufiqiyeh,Baalbek,Baalbek-Hermel
Tarane,Minieh-Danniyeh,Liban-Nord
Taraya,Baalbek,Baalbek-Hermel
Tarchich,Baabda,Mont-Liban
Tartij,Jbeil,Kesrouane Al Fatouh-Jbeil
Taybeh (Baalbek),Baalbek,Baalbek-Hermel
Taybeh (Marjaayoun),Marjaayoun,Nabatiyeh
Tayr Debba,Sour,Liban-Sud
Tayr Falsay,Sour,Liban-Sud
Tayr Harfa,Sour,Liban-Sud
Teffahta,Saida,Liban-Sud
Temnine El Faouqa,Baalbek,Baalbek-Hermel
Temnine Et Tahta,Baalbek,Baalbek-Hermel
Terbol (Minieh-Danniyeh),Minieh-Danniyeh,Liban-Nord
Terbol (Zahleh),Zahleh,Beqaa
Tfail,Baalbek,Baalbek-Hermel
Thoum,Batroun,Liban-Nord
Tibnine,Bent Jbeil,Nabatiyeh
Tikrit,Aakkar,Aakkar
Tiri,Bent Jbeil,Nabatiyeh
Tleil,Aakkar,Aakkar
Touayteh,Zahleh,Beqaa
Toul,Nabatiyeh,Nabatiyeh
Toula,Batroun,Liban-Nord
Toula Ej Joubbeh,Zgharta,Liban-Nord
Touline,Marjaayoun,Nabatiyeh
Toura,Sour,Liban-Sud
Tourza,Bcharreh,Liban-Nord
Tourzaiya,Jbeil,Kesrouane Al Fatouh-Jbeil
Tripoli,Tripoli,Liban-Nord
Yahchouch,Kesrouane,Kesrouane Al Fatouh-Jbeil
Yahfoufa,Baalbek,Baalbek-Hermel
Yammouneh,Baalbek,Baalbek-Hermel
Yanouh,Jbeil,Kesrouane Al Fatouh-Jbeil
Yanouh (Sour),Sour,Liban-Sud
Yanta,Rachaiya,Beqaa
Yarine,Sour,Liban-Sud
Yaroun (Bent Jbeil),Bent Jbeil,Nabatiyeh
Yater,Bent Jbeil,Nabatiyeh
Yohmor,Nabatiyeh,Nabatiyeh
Yohmor (Beqaa Ouest),Beqaa Ouest,Beqaa
Younine,Baalbek,Baalbek-Hermel
Zaaitreh,Kesrouane,Kesrouane Al Fatouh-Jbeil
Zaarouriyeh,Chouf,Mont-Liban
Zabboud,Baalbek,Baalbek-Hermel
Zabbougha,Matn,Mont-Liban
Zahleh,Zahleh,Beqaa
Zahleh El Maallaqa,Zahleh,Beqaa
Zaitoun,Kesrouane,Kesrouane Al Fatouh-Jbeil
Zakrit,Matn,Mont-Liban
Zakroun,Koura,Liban-Nord
Zalqa,Matn,Mont-Liban
Zandouqa,Baabda,Mont-Liban
Zane,Batroun,Liban-Nord
Zaoutar Ech Charqiyeh,Nabatiyeh,Nabatiyeh
Zaoutar El Gharbiyeh,Nabatiyeh,Nabatiyeh
Zaraaoun,Matn,Mont-Liban
Zebqine,Sour,Liban-Sud
Zefta,Nabatiyeh,Nabatiyeh
Zeghdraiya,Saida,Liban-Sud
Zeita,Saida,Liban-Sud
Zgharta,Zgharta,Liban-Nord
Zgharta El Mtaouileh,Koura,Liban-Nord
Zghartaghrine,Minieh-Danniyeh,Liban-Nord
Zhilta,Jezzine,Liban-Sud
Zibdine,Nabatiyeh,Nabatiyeh
Zibdine,Jbeil,Kesrouane Al Fatouh-Jbeil
Zighrine,Matn,Mont-Liban
Zighrine El Hermel,Hermel,Baalbek-Hermel
Zilaya,Beqaa Ouest,Beqaa
Zouarib,Aakkar,Aakkar
Zouk Mkayel,Kesrouane,Kesrouane Al Fatouh-Jbeil
Zouk Mosbeh,Kesrouane,Kesrouane Al Fatouh-Jbeil
Zouq El Hassineh,Aakkar,Aakkar
Zouq El Hbalsa,Aakkar,Aakkar
Zouq El Kharab,Matn,Mont-Liban
Zouq El Moqachrine,Aakkar,Aakkar
Zouq Haddara,Aakkar,Aakkar
Zrariyeh,Saida,Liban-Sud
Zrazir,Baalbek,Baalbek-Hermel
